areaName,Borough,areaType,2017-01,2017-02,2017-03,2017-04,2017-05,2017-06,2017-07,2017-08,2017-09,2017-10,2017-11,2017-12,2018-01,2018-02,2018-03,2018-04,2018-05,2018-06,2018-07,2018-08,2018-09,2018-10,2018-11,2018-12,2019-01,2019-02,2019-03,2019-04,2019-05,2019-06,2019-07,2019-08,2019-09,2019-10,2019-11,2019-12,2020-01,2020-02,2020-03,2020-04,2020-05,2020-06,2020-07,2020-08,2020-09,2020-10,2020-11,2020-12,2021-01,2021-02,2021-03,2021-04,2021-05,2021-06,2021-07,2021-08,2021-09,2021-10,2021-11,2021-12,2022-01,2022-02,2022-03,2022-04,2022-05,2022-06,2022-07,2022-08,2022-09,2022-10,2022-11,2022-12,2023-01,2023-02,2023-03,2023-04,2023-05,2023-06,2023-07,2023-08,2023-09,2023-10
All Downtown,Manhattan,submarket,3650,3700,3695,3700,3785,3724,3728,3700,3655,3662,3675,3625,3650,3750,3735,3750,3837,3800,3795,3800,3825,3800,3853,3800,3800,3850,3800,3939,4000,4051,4000,3995,4000,4050,4050,4000,4000,3999,3995,3851,3700,3607,3500,3395,3295,3200,3139,3150,3150,3195,3200,3214,3350,3595,3800,4000,4195,4300,4362,4400,4500,4595,4595,4726,4800,4778,4800,4800,4875,4850,4795,4800,4850,4958,4800,4886,4950,4950,4900,4830,4850,4760
All Midtown,Manhattan,submarket,3470,3495,3465,3500,3500,3530,3500,3500,3500,3500,3350,3350,3378,3395,3390,3450,3500,3500,3500,3500,3500,3525,3500,3550,3500,3550,3536,3578,3625,3677,3700,3705,3700,3687,3718,3700,3700,3700,3695,3575,3387,3245,3100,3000,2975,2900,2895,2895,2900,2934,2995,3008,3166,3272,3496,3600,3850,3950,4095,4156,4315,4347,4308,4399,4400,4400,4455,4295,4350,4295,4272,4370,4389,4495,4495,4578,4500,4500,4495,4500,4495,4400
All Upper East Side,Manhattan,submarket,2995,2995,2925,2950,2950,2950,2950,2900,2995,2950,2995,2990,2900,2895,2850,2850,2850,2900,2925,2900,2895,2995,2995,3000,3000,3000,2995,2995,3000,3050,3050,2995,3000,3100,3225,3295,3281,3250,3250,3195,3065,2950,2800,2700,2650,2500,2495,2500,2450,2475,2400,2400,2475,2499,2550,2700,2850,2950,3200,3390,3450,3550,3400,3400,3500,3500,3550,3750,3750,3800,3845,3821,3900,4000,4000,3995,4000,4000,4000,3995,4000,3995
All Upper Manhattan,Manhattan,submarket,2350,2300,2296,2337,2350,2350,2395,2395,2354,2350,2261,2295,2275,2295,2308,2350,2383,2400,2449,2400,2350,2350,2300,2300,2300,2345,2375,2400,2450,2500,2500,2495,2450,2395,2350,2350,2393,2400,2450,2470,2445,2425,2400,2350,2295,2250,2211,2200,2200,2180,2192,2200,2250,2295,2300,2300,2300,2300,2300,2350,2399,2400,2429,2500,2550,2700,2795,2750,2700,2700,2659,2600,2650,2699,2725,2800,2832,2950,2900,2900,2895,2800
All Upper West Side,Manhattan,submarket,3297,3300,3250,3290,3300,3350,3350,3373,3350,3380,3306,3330,3350,3285,3250,3285,3300,3350,3320,3313,3395,3394,3350,3395,3395,3350,3395,3450,3460,3450,3400,3500,3600,3600,3630,3550,3600,3551,3500,3400,3295,3200,3150,3000,2925,2810,2800,2809,2800,2850,2800,2850,3000,3000,3200,3295,3550,3641,3800,3950,3995,4000,4092,4236,4244,4200,4400,4435,4500,4500,4500,4450,4450,4445,4495,4500,4463,4400,4500,4500,4500,4495
Astoria,Queens,neighborhood,2250,2200,2200,2200,2200,2250,2300,2300,2250,2193,2200,2195,2150,2123,2100,2100,2200,2200,2246,2250,2250,2200,2175,2150,2199,2200,2200,2200,2268,2300,2350,2350,2350,2350,2300,2300,2333,2395,2300,2300,2280,2250,2200,2167,2100,2000,2000,1995,1950,1950,1925,1950,1999,2000,2100,2200,2200,2200,2200,2250,2260,2300,2350,2395,2500,2617,2650,2700,2795,2695,2600,2600,2695,2695,2750,2750,2750,2800,2878,2899,2850,2850
Auburndale,Queens,neighborhood,1995,2195,2195,2295,2095,2195,2048,1895,1995,1495,1795,2325,2300,2300,2300,2200,2095,2098,2095,2095,2048,1995,1995,1948,2045,2045,1995,1998,1998,1900,1650,2198,2100,2100,2177,1900,1895,2000,1998,,1998,1995,1823,2000,2095,2073,2000,2152,2212,2100,2195,2000,2000,2195,2125,,2615,2407,,,,,2500,2400,2500,2557,2514,2600,,2400,,,2450,2700,2100,2050,2275,2275,2495,2937,2887,2887
Bath Beach,Brooklyn,neighborhood,2100,1950,1850,1950,1950,2000,1975,1950,1850,1898,2000,1848,1875,1950,2000,2023,2000,1850,1700,1675,1675,1750,1725,1675,1700,1575,1695,1675,1695,1750,1799,1795,1795,1850,1795,1795,1795,1900,2025,,1875,1800,1900,2075,1795,1700,1785,1695,1698,1750,1799,1750,1733,1799,1700,1750,1699,1699,1750,1750,1750,1675,1850,1850,1850,1795,1800,1860,2075,1994,1725,1700,1750,1960,1982,2150,2300,1900,1975,2250,2325,2249
Battery Park City,Manhattan,neighborhood,4175,3995,3910,3995,4350,4393,4515,4375,4485,4685,3890,3950,4150,4078,4050,4275,4648,4520,4650,4854,4993,4854,4500,4365,4415,4495,4300,4450,4950,5125,5190,4750,4675,4895,5250,4985,4431,4190,4200,4295,4500,4500,4275,4229,4190,3995,3750,3840,3800,3950,3995,4000,3995,4140,4300,4520,4400,4253,4660,5260,5044,5100,4758,4740,5080,5250,5613,5600,5300,5313,5048,5325,5400,5650,5425,5475,5750,5523,5997,6000,5845,5995
Bay Ridge,Brooklyn,neighborhood,2000,2000,1950,1975,2000,2000,2000,1895,1895,1900,1825,1850,2000,1995,1900,1963,1950,1975,1850,1999,2000,2000,1995,1900,1900,2000,2000,1995,1950,1900,1900,1950,1895,1900,2000,1950,1900,2000,2100,2066,1999,2000,2000,1950,1950,1850,1800,1775,1750,1750,1800,1750,1750,1750,1750,1800,1795,1775,1800,1775,1850,1900,1913,2000,2150,2275,2175,2350,2300,2200,2100,2200,2350,2312,2200,2150,2200,2300,2300,2400,2500,2400
Baychester,Bronx,neighborhood,,,,,,,,,,,,,,,,,,,,,,,,,,,,,,,,,,,,,,,,,,,,,,,,,,,,,,,,,,,,,,,,,,,,,,,,,,,,,,,,,,
Bayside,Queens,neighborhood,2500,2549,2500,2400,2400,2400,2400,2375,2450,2450,2375,2210,2500,2350,2300,2300,2300,2388,2400,2475,2350,2475,2350,2100,2150,2200,2150,2050,2000,2100,2000,2150,2200,2175,2125,2150,2100,1900,2000,1875,1975,2170,2125,2063,2000,1988,2000,2050,2000,1995,1863,1850,1850,2075,2063,2200,2200,2200,2100,2050,2100,2200,2225,2500,2300,2500,2395,2300,2300,2600,2500,2500,2463,2500,2500,2650,2350,2325,2700,2600,2700,2500
Bedford Park,Bronx,neighborhood,1400,1400,1500,1500,1550,1550,1550,1550,1550,1525,1583,1600,1495,1325,1550,1598,1470,1525,1550,1550,1425,1795,1600,1820,1833,1650,1650,1550,1605,1595,1600,1775,1786,1750,1750,1699,1699,2008,1625,,,,1648,1695,1700,1650,1688,1625,1725,1662,1850,1695,1625,1625,1638,1625,1902,1775,1616,1650,1700,1795,1895,1875,1773,1750,1776,2298,1795,1795,1700,1702,1700,1600,1900,1950,1900,1750,1923,1973,1950,1900
Bedford-Stuyvesant,Brooklyn,neighborhood,2400,2350,2345,2395,2400,2475,2475,2475,2450,2400,2400,2350,2350,2300,2395,2450,2500,2500,2567,2585,2550,2500,2485,2475,2429,2450,2500,2500,2550,2523,2599,2600,2600,2650,2618,2545,2582,2537,2537,2539,2550,2550,2500,2500,2400,2300,2300,2250,2250,2250,2266,2300,2383,2475,2599,2650,2700,2700,2759,2800,2894,2897,2850,2875,3000,3050,3200,3200,3150,3100,3000,2995,3000,2999,3000,3100,3200,3295,3250,3200,3141,3100
Bellerose,Queens,neighborhood,,,,,,,,,,,,,,,,,,,,,,,,,,,,,,,,,,,,,,,,,,,,,,,,,,,,,,,,,,,,,,,,,,,,,,,1725,,,,,,,,,,,
Belmont,Bronx,neighborhood,1660,1670,1700,1675,1690,1700,1725,1775,1800,1800,1725,1613,1625,1650,1613,1725,1850,1950,1879,1840,2100,2100,1813,1725,1998,2200,2225,1850,1938,1850,2050,2400,2200,2200,2200,1850,1800,1800,1688,1695,2500,2298,2295,2295,2100,2075,2125,2225,2200,2223,2100,2200,2215,2000,2025,2150,2000,2199,2300,1850,1600,1875,1792,2000,2625,2200,1940,2300,2250,2250,2500,2375,2450,2810,2770,2770,2450,2810,3150,2450,2595,2209
Bensonhurst,Brooklyn,neighborhood,2000,1848,1800,1800,1700,1775,1700,1875,1725,1738,1700,1750,1700,1750,1800,1800,1880,1865,1700,1850,1900,1850,1875,1900,1850,1850,1900,1813,1900,1795,1700,1700,1700,1750,1750,1850,1963,1995,1999,1787,1700,1750,1674,1800,1800,1700,1600,1537,1550,1649,1750,1650,1650,1700,1695,1700,1750,1750,1699,1795,1825,2000,1850,2150,2000,2000,2100,2199,1975,2000,2000,2375,2375,2375,2200,2250,2000,2000,2200,2138,2150,2100
Bergen Beach,Brooklyn,neighborhood,2000,2000,2000,2000,,,,2299,,2200,2150,2050,,,,,2175,2275,2300,2150,2225,2063,2325,2300,2225,2100,2100,2100,,,,,2200,2150,2348,2448,,2500,,,,,,2450,,,,,,,,,,,,,2025,1999,2150,,2200,2250,,,,,,2750,2699,2700,2750,2825,,,2750,3000,2800,2800,2775,3050,3175,
Boerum Hill,Brooklyn,neighborhood,2987,3092,2995,2995,3102,3000,3200,3250,3300,3162,3000,3175,3000,3000,3000,2998,3400,3257,3250,3200,3200,3275,3490,3100,3000,2950,2950,3300,3384,3388,3395,3500,3300,3412,3400,3300,3399,3400,3300,3400,3450,3299,3188,3163,3000,2850,2799,2700,2600,2675,2700,2786,2800,2850,2948,2850,2800,3000,3000,3600,3600,3250,3500,3600,4000,4419,4150,3700,3700,3800,3695,4400,4400,4400,4300,4348,4357,4450,4500,4250,4100,4000
Borough Park,Brooklyn,neighborhood,2030,1995,1750,1795,1700,1750,1738,1795,1788,1897,1800,1650,1660,1638,1750,1700,1750,1850,1885,1825,1800,1900,1875,1700,1850,1863,1875,1900,1875,1850,1898,1995,1949,2100,1950,1900,1850,1973,2098,1800,1857,1700,1752,1850,1795,1795,1797,1795,1799,1700,1700,1849,1800,1800,1849,1900,1950,1875,1900,1650,1650,1863,1950,1995,2097,2195,2150,2200,2000,2195,1975,2000,2200,2000,2100,2035,2493,2200,2450,2525,2731,2350
Briarwood,Queens,neighborhood,1650,1663,1700,1720,1700,1700,1713,1773,1700,1797,1849,1797,1795,1725,1798,1800,1720,1749,1750,1699,1750,1769,1750,1830,1775,1715,1795,1748,1750,1825,1757,1750,1875,1850,1850,1750,1795,1775,1786,1726,1700,1785,1795,1727,1750,1763,1725,1725,1725,1725,1725,1725,1725,1725,1725,1725,1725,1725,1725,1798,1875,1850,1950,1895,1895,1850,1850,1913,1995,1925,1875,1875,1875,1945,1898,1885,1950,1995,2200,2000,1998,1989
Brighton Beach,Brooklyn,neighborhood,2200,2100,2175,2150,2100,2150,2300,2100,2025,2075,2098,2000,2000,2013,2025,2000,2063,2125,2100,2099,2099,2050,2000,2100,2100,2185,2138,1950,1975,2098,2050,1995,1950,2050,2050,1898,1910,1935,2199,2149,2025,2047,2024,2200,2125,1995,1995,1975,1895,1750,1800,1850,1875,1863,1850,1948,2220,2200,2025,2195,2050,2050,2055,2075,2100,2250,2323,2350,2200,2400,2350,2450,2500,2500,2885,2797,2500,2500,2500,2498,2538,2575
Bronx,Bronx,borough,1678,1675,1750,1700,1725,1725,1750,1750,1750,1795,1787,1748,1787,1800,1850,1900,1900,1900,1895,1879,1900,1900,1849,1860,1899,1850,1875,1895,1895,1900,1908,1950,2000,1988,1950,1935,1950,1982,1999,2000,1997,1999,2000,1995,1995,1937,1925,1900,1922,1950,1930,1975,2000,2000,2050,2100,2050,2050,2100,2100,2095,2195,2200,2150,2250,2250,2300,2300,2299,2295,2295,2250,2250,2350,2300,2450,2500,2575,2580,2600,2662,2550
Bronxwood,Bronx,neighborhood,1500,1538,1525,1525,1650,1500,1500,1600,1525,1475,1500,1500,1675,1575,1525,1513,1750,1550,1585,1575,1550,1610,1595,1700,1650,1598,1650,1625,1750,1895,1625,1750,2273,1950,1700,1695,1675,1645,,,,,,1700,1725,1648,1548,1623,1625,1545,1845,1603,1695,1673,1625,1669,1695,1650,1900,1685,1675,1800,1700,1975,1975,1950,1838,1775,1763,1725,1675,1675,1638,2000,1913,2150,1875,2150,2150,2075,2248,2500
Brooklyn,Brooklyn,borough,2500,2500,2495,2500,2500,2550,2599,2615,2599,2500,2495,2450,2450,2450,2495,2500,2591,2600,2695,2680,2600,2550,2500,2500,2500,2500,2500,2595,2600,2650,2700,2700,2699,2682,2600,2599,2600,2650,2673,2700,2700,2699,2695,2600,2500,2462,2400,2400,2399,2399,2400,2400,2450,2500,2600,2650,2695,2600,2618,2680,2750,2800,2850,2950,3090,3200,3350,3399,3300,3200,3150,3100,3199,3199,3200,3300,3400,3436,3500,3500,3495,3400
Brooklyn Heights,Brooklyn,neighborhood,3400,3250,3200,3178,3000,3100,3035,2995,3000,3100,3000,3100,3200,3065,3000,2808,2979,3100,3200,3270,3450,3313,3225,3250,3140,3237,3500,3500,3362,3503,3400,3621,3636,3773,3650,3634,3750,3554,3526,3769,3459,3200,3250,2964,2969,2850,2800,2808,2799,2797,2700,2800,2950,2947,2971,3100,3500,3400,3400,3750,4162,4000,3746,3900,4003,4125,4187,4400,4850,4500,4800,4500,4300,4200,4141,3995,4178,4200,4107,4049,4500,4500
Brookville,Queens,neighborhood,,,,,,,,,,,,,,,,,,,,,,,,,,,,,,,,,,,,,,,,,,,,,,,,,,,,,,,,,,,,,,,,,,,,,,,,,,,,,,,,,,
Brownsville,Brooklyn,neighborhood,1750,1750,1700,1800,1750,1800,1800,1700,1700,1795,1750,1698,1700,1725,1800,1750,1795,1800,1850,1850,1875,1950,1925,1950,2100,2100,2100,1950,2100,2325,1997,1900,2050,2000,1973,2000,2000,1987,2000,1843,1868,1888,1950,2333,2314,1915,2200,2200,2000,1850,1995,1900,1900,1900,2100,2050,2054,2000,2000,1987,1860,1949,2100,2000,2125,2199,2173,2100,2148,2100,2199,2200,2200,2500,2200,2313,2500,2395,2200,2325,2400,2425
Bushwick,Brooklyn,neighborhood,2445,2450,2499,2550,2599,2600,2650,2650,2600,2500,2495,2450,2450,2492,2499,2550,2619,2699,2700,2695,2600,2571,2500,2468,2500,2549,2590,2650,2650,2625,2750,2800,2799,2799,2749,2650,2781,2800,2750,2650,2600,2571,2595,2500,2475,2399,2396,2350,2354,2399,2399,2400,2450,2500,2650,2800,2806,2800,2800,2800,2900,3000,3050,3150,3250,3300,3400,3450,3400,3200,3100,3100,3100,3200,3200,3250,3350,3350,3400,3400,3300,3300
Cambria Heights,Queens,neighborhood,,,,,,,,,,,,,,,,,,,,,,,,,,,,,,,,,,,,,,,,,,,,,,,,,,,,,,,,,,,,,,,,,,,,,,,,,,,,,,,,,,
Canarsie,Brooklyn,neighborhood,2200,1850,1750,2025,2100,2100,2100,1825,1900,1900,1900,2075,2174,2100,2000,1999,2100,2200,2150,2250,2250,2250,2000,2000,2000,1990,2200,2000,2000,2100,2100,2100,1958,2100,2100,2100,2200,2200,2300,2299,2300,2200,2175,2200,2250,2300,2300,2177,2100,2250,2075,1950,1975,2195,2095,2050,2098,2200,2250,2399,2200,2200,2275,2350,2300,2250,2550,2350,2300,2400,2388,2300,2300,2400,2500,2600,2500,2600,2600,2450,2500,2500
Carroll Gardens,Brooklyn,neighborhood,3000,2800,2800,2850,2900,2900,2900,2913,2800,2950,2900,2900,2850,2900,2850,3000,3250,3063,3000,3000,3000,2990,2938,3200,3165,2900,2763,2875,2950,2999,3250,3425,3650,3500,3250,3300,3200,3400,3395,3300,3495,3050,3000,3000,2850,2750,2700,2500,2500,2500,2500,2600,2600,2825,2900,3250,3100,3175,4000,3500,3490,3500,3450,4100,4100,4000,4525,4425,4000,4400,4625,4650,4350,4900,4850,4800,4200,4198,4595,4725,4700,4500
Castle Hill,Bronx,neighborhood,1795,1496,1700,1650,1700,1495,1473,1525,1850,1900,1800,1800,1850,,,,1500,1600,1800,1750,1750,1799,,,,,1575,1850,1800,,,,,,,,,,,,,,,,,,,,,,,,,,,,,,,,2600,,,,,,2050,,,,,,,,,,,,,,,
Central Harlem,Manhattan,neighborhood,2495,2400,2350,2375,2400,2400,2498,2500,2475,2400,2395,2397,2400,2450,2500,2550,2500,2500,2550,2600,2500,2475,2425,2420,2468,2475,2499,2595,2650,2700,2667,2695,2600,2550,2563,2500,2500,2500,2500,2500,2600,2595,2550,2500,2400,2400,2400,2385,2300,2300,2300,2300,2350,2450,2452,2400,2473,2453,2424,2475,2500,2533,2594,2642,2700,2983,3050,2995,2850,2800,2900,2875,2895,2950,2999,3150,3000,3147,3149,3100,3000,2995
Central Park South,Manhattan,neighborhood,7378,7000,6998,6900,6500,7000,6550,7258,6862,7500,6800,6550,7000,7225,7500,7495,6800,6800,7500,7225,7820,7650,8999,7800,7350,7550,7450,7500,6721,6950,6800,6600,6500,7450,7425,7500,7998,7575,7950,8100,7475,6850,6185,6093,6185,6500,6650,6500,6948,7000,6800,7000,6800,7175,7200,7250,8250,8500,8500,9000,8000,7475,8500,8375,9000,9000,11500,10000,10000,10000,10000,9675,10500,10638,8500,9000,9000,10500,10500,10500,12000,12375
Central Queens,Queens,submarket,2150,2100,2100,2050,2097,2150,2200,2195,2150,2100,2060,2095,2050,2045,2100,2100,2100,2100,2200,2250,2200,2128,2095,2050,2099,2100,2150,2195,2195,2249,2275,2250,2200,2100,2150,2150,2150,2199,2200,2200,2200,2200,2200,2165,2100,2050,2025,2000,2000,2000,2000,2000,2100,2100,2148,2100,2150,2161,2200,2250,2200,2200,2200,2300,2395,2495,2500,2550,2550,2500,2500,2495,2470,2500,2500,2550,2600,2700,2700,2795,2800,2750
Chelsea,Manhattan,neighborhood,3895,3950,3913,3908,3950,3900,3900,3800,3845,3940,3950,3916,3945,4000,4000,3995,3995,4003,3995,4080,4149,4026,4000,4036,4008,4250,4150,4250,4295,4476,4403,4368,4329,4327,4298,4230,4100,4176,4200,3993,3850,3850,3650,3550,3445,3372,3300,3400,3400,3500,3600,3500,3695,3900,4196,4495,4536,4700,4795,4650,4850,4909,4965,5195,5146,5146,5198,5183,5266,5450,5189,5128,5200,5350,5195,5200,5500,5490,5480,5350,5250,5072
Chinatown,Manhattan,neighborhood,2950,2800,2725,2875,3000,2800,2898,2773,2700,2648,2725,2800,2673,2700,2695,2600,2900,2900,2700,2800,2873,2550,2799,2800,2700,2800,2563,2700,2700,3000,3000,2600,2500,3000,2950,3200,3275,2695,3300,3000,2985,2935,2796,2700,2433,2400,2400,2350,2400,2395,2300,2498,2450,2450,2495,2500,2800,3150,2675,2473,3000,3150,3448,3195,3200,3573,2950,3000,3000,3295,2995,2885,2750,3095,3198,3250,3345,3200,3295,3150,3200,3288
City Island,Bronx,neighborhood,,,,,,,,,,,,,,,,,,,,,,,,,,,,,,,,,,,,,,,,,,,,,,,,,,,,,,,,,,,,,,,,,,,,,,,,,,,,,,,,,,
Civic Center,Manhattan,neighborhood,,,,,,,,,,,,,,,,,,,,,,,,,,,,,,,,,,,,,,,,,,,,,,,,,,,,,,,,,,,,,,,,,,,,,,,,,,,,,,,,,,
Clearview,Queens,neighborhood,,,,,,,,,,,,,,,,,,,,,,,,,,,,,,,,,,,,,,,,,,2298,,,,,2300,,,,,,,,,,,,,,,,,,,,,,,,1988,,,,,,,,,,,
Clinton Hill,Brooklyn,neighborhood,2600,2650,2650,2600,2750,2700,2700,2600,2599,2795,2725,2735,2700,2600,2650,2784,2879,2880,2850,2800,2750,2700,2700,2769,2950,2950,3000,2980,3157,3254,3067,3100,2950,3050,3000,2973,2954,3100,2995,2995,2990,2978,2900,2800,2700,2650,2613,2600,2600,2595,2595,2600,2650,2700,2850,3109,3155,3000,2900,3100,3500,3513,3348,3400,3600,3700,3800,4050,3995,3938,3975,3800,3775,3788,3913,3850,3925,3980,4005,4038,4055,3839
Co-op City,Bronx,neighborhood,,,,,,,,,,,,,,,,,,,,,,,,,,,,,,,,,,,,,,,,,,,,,,,,,,,,,,,,,,,,,,,,,,,,,,,,,,,,,,,,,,
Cobble Hill,Brooklyn,neighborhood,2756,2815,2750,2688,3000,2973,3000,3300,3200,3200,3075,3050,3100,2950,2950,3100,3176,3176,3325,3425,3400,3100,3198,3200,3200,3225,3200,3195,3170,3300,3662,3800,3650,3575,3400,3640,3125,3500,3425,3500,3350,3200,3000,2933,2888,2800,2800,2850,2800,2725,2850,2600,2800,2750,2950,3250,3300,3350,3200,3695,3250,4300,3623,3895,5200,5000,4873,4675,4750,4375,4375,4450,4067,4350,4350,4200,4500,4500,4700,4850,5598,4500
College Point,Queens,neighborhood,2300,,,,,2200,2200,2100,,,,,,,,2100,2175,,,,2125,2000,2125,2150,2175,,,,,,,,,,,,,,,,,,,,,,,,,,,,,,,,,,,,,1650,,2050,,2300,2000,2400,2400,2600,2700,2350,2375,2425,2500,,2250,2325,2475,2607,2150,
Columbia St Waterfront District,Brooklyn,neighborhood,2700,2625,2663,2500,2550,2699,2700,2700,2750,2800,2700,2700,2700,2700,2400,2500,2900,3100,3050,2963,2963,2800,2800,2700,2800,2850,2500,2600,3050,2900,3000,3200,3000,3000,3000,2563,2900,2700,2650,3000,2700,2688,3000,2917,2800,2650,2515,2500,2500,2530,2600,2500,2300,2500,2575,2650,2750,2700,2895,3150,2800,3125,3000,3600,3550,4200,3400,3500,4100,3850,4200,3575,4225,3498,3498,3550,4075,4400,4598,4200,3900,3700
Concourse,Bronx,neighborhood,1510,1500,1674,1675,1625,1550,1579,1650,1722,1797,1650,1600,1595,1850,1700,1850,1875,1774,1750,1743,1650,1700,1675,1800,1825,1695,1700,1800,1800,1695,1750,1700,1700,1698,1700,1803,1800,1832,1897,1924,1895,1785,1700,1750,1749,1700,1675,1650,1825,1900,1800,1938,1948,1873,1950,1900,1833,1925,1995,1899,1795,1825,1800,1812,1898,1900,1898,1981,1991,2173,1950,2050,1925,1963,1975,2113,2125,1998,1998,2000,2000,1998
Coney Island,Brooklyn,neighborhood,2300,2300,2175,2200,2100,2100,2100,1900,2150,2200,2197,2199,2075,2150,2075,2225,2250,2250,2250,2225,2250,2300,2225,2225,2238,2100,2138,2075,2194,2250,2313,2250,2199,2150,2175,2300,2390,2475,2365,2238,2250,2250,2250,2315,2330,2303,2251,2251,2239,2119,2119,2100,2150,2119,2119,2199,2157,2263,2350,2100,2250,2250,2300,2299,2134,2344,2450,2452,2938,2968,3350,3036,2579,2469,2478,2379,2613,2775,2823,2995,2995,3240
Corona,Queens,neighborhood,1850,1765,1803,1840,1890,1895,1975,1825,1785,1825,1903,1950,1885,1828,1805,1735,1725,2107,2350,2405,1995,1955,2168,2115,2373,2243,2025,2275,2305,2350,2250,2169,1836,1897,1923,2000,2077,1909,1875,1875,1886,1875,1916,1904,1821,1811,1814,1817,1832,1939,2136,1886,1799,1827,1924,1950,1939,1799,1920,1995,2050,2053,1997,2070,2229,2370,2491,2411,2500,2499,2362,2400,2542,2654,2551,2733,2748,2597,2600,2752,2620,2698
Country Club,Bronx,neighborhood,,,,,,,,,,,,,,,,,,,,,,,,,,,,,,,,,,,,,,,,,,,,,,,,,,,,,,,,,,,,,,,,,,,,,,,,,,,,,,,,,,
Crotona Park East,Bronx,neighborhood,,,,,,,,,,,,,,,,,,,,,,,,,2100,2050,1800,,2324,1800,,2100,2100,,,,1931,1775,2000,2223,2245,2200,,2050,,,,,,,,,,,2547,2499,,,2200,1896,1893,2200,2450,2425,2450,2300,2500,2350,2182,2400,2350,2350,2450,2350,,,,2425,,,2500,2325
Crown Heights,Brooklyn,neighborhood,2290,2300,2300,2300,2300,2399,2450,2500,2451,2400,2390,2350,2300,2300,2399,2400,2400,2475,2695,2649,2550,2400,2400,2400,2400,2399,2400,2495,2500,2500,2595,2600,2600,2590,2500,2500,2550,2640,2550,2500,2499,2450,2499,2500,2400,2300,2250,2275,2290,2300,2283,2300,2333,2400,2450,2500,2500,2500,2550,2550,2600,2700,2750,2750,2995,3099,3200,3250,3000,3000,2995,2950,3043,3099,3000,3100,3150,3150,3200,3267,3100,3000
DUMBO,Brooklyn,neighborhood,4495,4750,4559,4450,4495,4435,4500,4225,4495,4355,4500,4429,4200,4137,4163,3900,4240,4500,4200,4523,4075,4650,4962,4973,4532,4315,4607,4495,4423,4525,4875,4957,4750,4500,4773,4950,4950,5070,4795,4500,4500,4498,4498,4285,4500,4495,4495,4095,4000,3900,3900,4173,4150,4250,4500,4595,4598,4648,4745,4825,4660,4870,5125,5220,5203,5470,6445,5950,5950,5500,5648,5500,5695,5503,5395,5704,6123,5998,6303,5998,6000,5850
Ditmas Park,Brooklyn,neighborhood,1925,1999,1997,1999,2000,2000,1996,1999,2195,2175,1899,1995,1999,2195,2100,2000,2000,2095,2400,2400,2097,2000,1995,2198,2250,2215,2175,2215,2294,2250,2250,2200,2287,2200,2307,2307,2200,2200,2400,2298,2200,2200,2200,2100,2095,1975,1900,1899,1900,1913,1950,1949,2000,2000,1950,2199,2150,2250,2200,2125,2000,2200,2268,2187,2300,2485,2450,2400,2500,2408,2450,2550,2450,2425,2500,2450,2603,2500,2400,2500,2460,2700
Douglaston,Queens,neighborhood,,,,,,,2400,,,,,,,,,,,,,,,,,,,,,,,,,,,,,,,,2400,,,,,,,,,,,,,,,,,,,,,,,,,,,,,,,,,,,,,,,,,,2560,
Downtown Brooklyn,Brooklyn,neighborhood,3051,3121,3050,3121,3116,3143,3195,3233,3181,3195,3085,3150,3190,3275,3378,3460,3395,3405,3369,3400,3367,3350,3274,3387,3348,3305,3369,3485,3477,3515,3619,3646,3600,3500,3400,3371,3482,3440,3333,3195,3246,3250,3200,3071,2900,2900,2950,3000,3014,3000,3100,3295,3400,3614,3650,3900,3950,3892,3898,3960,4172,4198,4143,4132,4145,4177,4232,4300,4250,4199,4218,4200,4200,4162,4165,4300,4300,4250,4195,4200,4195,4228
Dyker Heights,Brooklyn,neighborhood,2200,2200,2198,2100,1999,1950,1950,1850,2050,1948,2193,2100,2148,1995,1950,2000,2145,1900,2000,2000,1973,2200,2225,2200,1935,2100,2170,1800,2000,2099,2195,1990,1940,2000,2100,2050,2100,2175,2100,2150,2050,2150,2050,2150,2000,2050,2100,2100,1800,1850,1850,2000,2100,2000,1900,2100,2163,2125,1900,1999,1900,1950,2100,2150,2300,2325,2350,2275,2500,2525,2750,2700,2500,2550,2350,2250,2800,2798,2798,2500,2900,2700
East Brooklyn,Brooklyn,submarket,2350,2350,2350,2399,2400,2495,2500,2500,2499,2450,2400,2384,2350,2350,2400,2450,2500,2550,2650,2600,2570,2500,2485,2450,2450,2485,2500,2500,2550,2550,2600,2650,2650,2625,2599,2512,2599,2600,2589,2550,2550,2500,2500,2500,2400,2350,2300,2300,2300,2300,2300,2350,2400,2450,2569,2650,2700,2700,2700,2700,2770,2850,2895,2900,3000,3100,3210,3250,3196,3099,3000,2995,3000,3000,3000,3150,3200,3250,3289,3275,3200,3120
East Elmhurst,Queens,neighborhood,,,,,,,,,,,,,,,,,,,,2450,,,,2423,,,,,,,,,,,,,,2275,,,2550,1900,2195,2200,,,,,,,,,,,,,,2425,1800,,1750,2300,2200,,,,,,,,,2500,2400,2498,2500,3300,3075,2850,,,,2650
East Flatbush,Brooklyn,neighborhood,1900,2000,2000,2000,1999,1999,2050,2100,2000,1925,1950,1997,2080,2085,2095,2050,2195,2100,2150,2250,2399,2100,2125,2199,2195,2000,2200,2200,2125,2100,2100,2100,2194,2166,2150,2200,2200,2195,2200,2195,2250,2203,2205,2195,2100,2100,2100,2150,2150,2260,2199,2100,2199,2185,2100,2100,2100,2056,2150,2200,2399,2425,2450,2499,2499,2460,2500,2495,2497,2485,2483,2583,2600,2600,2600,2699,2699,2700,2640,2650,2650,2695
East Harlem,Manhattan,neighborhood,2375,2334,2350,2350,2395,2405,2425,2395,2375,2370,2295,2350,2295,2298,2350,2250,2350,2350,2325,2300,2300,2296,2250,2200,2250,2387,2400,2400,2428,2399,2500,2450,2433,2400,2389,2375,2400,2400,2450,2495,2450,2300,2345,2295,2245,2195,2150,2090,2100,2000,2000,2095,2195,2250,2295,2295,2275,2250,2250,2275,2400,2550,2495,2595,2700,2695,2750,2800,2700,2700,2725,2697,2700,2699,2700,2850,2933,2995,2950,2990,2900,2850
East New York,Brooklyn,neighborhood,1950,1950,2000,2000,2099,2000,2050,2100,1950,1850,1900,1995,2000,2100,2150,2100,2150,2150,2150,2200,2180,2199,2100,2148,2075,2175,2150,2100,2100,2150,2200,2150,2200,2250,2200,2200,2225,2250,2200,2195,2250,2250,2200,2193,2150,2100,2038,2100,2123,2100,2150,2125,2100,2100,2163,2100,2199,2199,2200,2250,2250,2195,2200,2200,2300,2400,2383,2400,2400,2448,2500,2500,2500,2500,2500,2575,2495,2575,2700,3000,2900,2800
East Tremont,Bronx,neighborhood,1500,1588,1625,1850,1775,1750,1750,,1690,1690,,1700,1700,1700,1650,1663,,1775,1850,1850,1750,2100,1850,1910,1900,1800,1900,1625,1625,1625,,1643,1650,1650,1900,,1798,1845,,,,1900,1900,1790,1700,1650,1650,1699,1950,,1575,,,1950,1950,1999,2300,2375,2250,2200,1750,1750,1738,,2240,2394,2350,2385,2388,2288,1972,2023,2175,2175,2750,2650,2236,1888,2550,2275,2400,2450
East Village,Manhattan,neighborhood,3000,3194,3163,3350,3348,3277,3250,3200,3000,3000,2900,2914,2995,3000,3050,3285,3485,3456,3389,3395,3283,3200,3150,3100,3099,3185,3195,3400,3500,3595,3550,3450,3400,3400,3395,3100,3200,3230,3195,3250,3250,3200,3100,2995,2850,2749,2699,2600,2595,2524,2600,2700,2850,3150,3400,3395,3400,3495,3600,3700,3795,3900,3925,4100,4250,4250,4200,4132,4000,4000,3995,3948,3990,4195,4100,4300,4395,4250,4200,4250,4200,4000
Eastchester,Bronx,neighborhood,,,,,,,,,,,,,,,,,,,,,,,,,,,,,,,,,,,,,,,,,,,,,,,,,,,,,,,,,,,,,,,,,,,,,,,,,,,,,,,,,,
Edenwald,Bronx,neighborhood,,,,,,,,,,,,,,,,,,,,,,,,,,,,,,,,,,,,,,,,,,,,,,,,,,,,,,,,,,,,,,,,,,,,,,,,,,,2187,,,,,,,
Elmhurst,Queens,neighborhood,1825,2100,2000,2000,2100,1968,2090,1950,1950,1897,1896,1900,1950,1935,1935,1925,1879,1750,1950,1990,2050,1913,1875,1900,1950,1900,1900,1900,1925,2166,2100,2100,1849,1950,1945,1875,1925,2000,2050,2043,2095,2000,1933,1900,1899,1800,1775,1850,1775,1750,1800,1800,1850,1900,1800,1800,1950,1965,2000,1995,2000,2100,2034,2173,2000,2195,2100,2091,2199,2100,2221,2198,2185,2325,2325,2186,2395,2100,2150,2150,2400,2550
Financial District,Manhattan,neighborhood,3450,3467,3558,3590,3625,3600,3750,3750,3695,3602,3640,3615,3565,3720,3595,3565,3580,3600,3702,3783,3753,3735,3692,3640,3695,3753,3664,3858,3827,3855,3850,3750,3771,3750,3773,3708,3754,3795,3750,3600,3535,3450,3300,3297,3200,3200,3195,3174,3164,3248,3295,3375,3400,3650,4000,4095,4350,4350,4300,4428,4500,4500,4300,4355,4425,4400,4400,4495,4500,4400,4366,4386,4375,4330,4377,4500,4500,4500,4567,4475,4495,4500
Flatbush,Brooklyn,neighborhood,1895,1900,1900,1950,1950,2000,2100,2050,2000,2095,1995,1950,2000,2000,1999,1950,2050,2095,2099,2200,2200,2142,2150,2122,2085,2153,2095,2165,2150,2244,2249,2250,2300,2311,2299,2333,2381,2300,2300,2300,2275,2299,2250,2250,2175,2150,2080,2100,2100,2099,2050,2099,2186,2200,2200,2250,2250,2400,2399,2300,2450,2600,2552,2575,2575,2860,2860,2800,2825,2730,2600,2600,2600,2649,2700,2747,2894,2960,2975,2975,2860,2800
Flatiron,Manhattan,neighborhood,4573,4600,4498,4650,4700,4595,4500,4800,4800,4668,4795,4700,4601,4572,4498,4495,4575,4595,4600,4615,4875,4875,4509,4635,4799,4890,4800,4848,4950,4954,4997,5195,5150,4912,4938,4935,4850,4717,4945,4553,4371,4300,4143,4000,4250,4000,3971,3995,4018,4200,4200,4350,4440,4877,5304,5451,5600,5500,5510,5410,5331,5623,5652,5750,5900,6081,6150,5995,5945,5721,5728,5712,5910,5750,5763,5800,5917,6000,5995,6000,5912,5850
Flatlands,Brooklyn,neighborhood,,,,,2100,2150,,,,,2100,,1850,2000,,,,,,1875,2200,2000,1925,1850,1725,2499,2448,,,2150,1600,,2150,2000,,1900,,,,,,,2163,2125,,,,,,,,1773,1775,1700,,,,,,,2195,,2400,2100,,2800,2875,,,2550,2575,2650,2200,2300,2300,2550,2100,2250,,,,
Floral Park,Queens,neighborhood,,,,,,,,,,,,,,,,,,,,,,,,,,,,,,,,,,,,,,,,,,,,,,,,,,,,,,,,,,,,,,,,,,,,,,,,,,,,,,,,,,
Flushing,Queens,neighborhood,2200,2188,1925,2000,2000,2200,2300,2200,1950,2000,1988,1887,1950,1863,1800,1950,1975,1975,1895,1995,1998,1850,1905,1900,1885,1900,1938,1950,1950,2000,2000,1925,1901,1848,1846,1850,1893,2050,2150,1873,1900,2165,2100,2000,2100,2050,2000,2099,1900,1900,1950,2035,1995,2073,2100,2000,1950,1800,1850,1950,1950,1950,2000,1998,2000,2073,2100,2150,2150,2200,2200,2200,2150,2100,2000,2145,2425,2500,2300,2300,2500,2500
Fordham,Bronx,neighborhood,1475,1625,1825,1700,1783,1750,1815,1795,1825,1800,1708,1753,1845,1718,1823,1749,1750,1748,1825,1940,2000,1900,1673,1723,1750,1750,1698,1700,1800,2000,1923,1750,1883,1695,1625,1650,1623,1738,1725,1750,1700,1650,1650,1640,1675,1835,1750,1663,1725,1675,1833,1850,1838,1850,1888,1700,1850,1795,1650,1738,1650,1800,1850,1850,1796,1800,1750,1850,1850,1795,1750,1777,1775,1898,1670,2000,2095,2100,2100,2100,2250,2000
Forest Hills,Queens,neighborhood,2100,2100,2000,2000,1997,2100,2138,2100,2100,2100,2100,2050,2000,2000,2100,1983,1950,1975,2000,2150,2100,2000,2000,1995,2048,2000,2050,2095,2100,2100,2200,2285,2200,2149,2145,2183,2133,2150,2100,2100,2095,2000,2000,2000,2000,2000,2000,1995,1995,1998,1970,1950,1995,1995,1980,1995,2100,2150,2100,2100,2200,2200,2150,2290,2500,2373,2486,2500,2500,2350,2450,2495,2500,2500,2497,2500,2550,2525,2900,2950,2800,2495
Fort Greene,Brooklyn,neighborhood,2750,2800,2865,3000,2900,2950,2900,2900,2842,2750,2700,2750,2700,2700,2700,2800,2800,2875,2973,2963,2899,2850,3048,2950,2800,2895,3000,3300,3498,3300,3375,3350,3048,3094,3116,3195,3250,3081,3348,3200,3185,2952,2900,2875,2799,2820,2800,2800,2754,2628,2745,2699,2808,2900,3167,3374,3500,3475,3607,3613,3467,3495,3600,3890,3853,3900,4002,4000,3867,4166,4200,3795,3650,3798,3975,4000,3865,3944,4195,4195,4102,4100
Fresh Meadows,Queens,neighborhood,,1925,1950,2100,1975,2375,2450,,,,,,,,,,,,,,,,,,,,,2188,,,,,,,,,,,,,,,,,,,,,,,,,,,,,,,,,,,,,1855,,,,,,,,,,,,,,2298,2400,2500,
Gerritsen Beach,Brooklyn,neighborhood,,,,,,,,,,,,,,,,,,,,,,,,,,,,,,,,,,,,,,,,,,,,,,,,,,,,,,,,,,,,,,,,,,,,,,,,,,,,,,,,,,
Glen Oaks,Queens,neighborhood,,,,,,,,,,,,,,,,,,,,,,,2000,,,,,,,,,,,,,,,,,,,,,,,,2113,,,,,,,,,,,,,,,,,,,,,,,,,,,,,,,,,,,
Glendale,Queens,neighborhood,2200,2200,2000,2000,2000,2000,2000,2000,1925,2023,2050,1999,2000,2000,2000,2150,2200,2100,2275,2000,2000,2050,2038,2000,2000,2000,2292,2246,2113,2000,2100,2200,2273,2200,2100,2100,2185,2175,2375,2400,2275,2200,2233,2200,2200,2225,2082,2013,2050,2000,2000,2000,2000,2100,2000,2225,2300,2000,2200,2200,2150,2199,2300,2300,2300,2500,2350,2350,2299,2199,2350,2350,2375,2500,2500,2575,2500,2500,2500,2400,2500,2500
Gowanus,Brooklyn,neighborhood,3050,3050,2800,2760,2900,2881,2880,3000,3000,2800,2776,2700,2753,2756,2660,2770,3200,3000,3200,3300,2780,2883,2855,2888,3110,2900,2656,2700,2847,3390,3000,2998,3483,3200,3200,3135,2783,3000,3300,3050,3000,2700,2650,2670,2825,2708,2700,2772,2600,2600,2595,2700,2800,2900,2913,2900,2850,3050,3048,3000,3450,3799,3600,3235,3940,4098,4295,3998,3700,3600,3715,3933,3885,3997,3900,3800,4000,3500,4013,4100,3980,3913
Gramercy Park,Manhattan,neighborhood,3460,3500,3500,3583,3600,3500,3495,3490,3495,3300,3200,3300,3450,3500,3513,3475,3795,3500,3590,3580,3700,3500,3550,3600,3513,3763,3800,3795,3995,4195,4295,4100,4107,3800,3800,3900,3995,3795,3800,3500,3475,3500,3395,3299,3228,3175,3100,3100,3000,2900,2895,2950,2973,3113,3380,3495,3800,4000,3975,4495,4625,4395,4500,4500,4395,4500,4583,4490,4598,4500,4395,4495,4625,4850,4600,4650,4600,4725,4500,4600,4795,4850
Gravesend,Brooklyn,neighborhood,1800,1895,1800,1800,1750,1800,1800,1713,1800,1710,1875,1735,1698,1700,1750,1799,1913,1799,1800,1850,1765,1950,1800,1738,1700,1713,1750,1750,1795,1742,1799,1799,1871,1900,1900,1800,1950,1950,1825,1775,1800,1813,1875,1800,1825,1776,1776,1700,1725,1750,1758,1750,1800,1800,1800,1810,1825,1850,2000,1875,1925,1969,2100,2099,2025,2300,2100,2000,2000,2000,2350,2325,2563,2300,2300,2400,2373,2373,2350,2300,2795,2488
Greenpoint,Brooklyn,neighborhood,2800,2800,2750,2750,2795,2900,2900,2795,2850,2703,2700,2595,2600,2595,2700,2750,2763,2995,3000,2950,2897,2800,2785,2800,2847,2799,2750,2850,3135,3100,3200,3320,3300,3100,2999,2975,3151,3300,3235,3125,3100,3000,2916,2995,2825,2700,2750,2700,2650,2799,2750,2806,2812,3000,3352,3400,3400,3400,3400,3500,3516,3599,3658,3795,3950,4200,4250,4200,4200,4253,4099,4099,3950,4000,4000,4015,4398,4400,4400,4500,4500,4308
Greenwich Village,Manhattan,neighborhood,3850,3798,3800,3800,3713,3595,3600,3500,3600,3593,3550,3525,3550,3773,3538,3625,3643,3800,3800,3700,3799,3695,3950,3895,4195,3795,3775,3698,3995,3800,4000,3995,4596,4650,4413,4298,4200,4000,4000,3700,3700,3540,3500,3329,3298,3200,3000,3002,3100,3200,3200,3100,3200,3500,3600,4040,3995,4298,4225,4248,4500,4400,4500,4398,4500,4600,4700,4900,5295,4775,5095,5200,5400,5198,4813,4973,5050,4995,4950,4898,4995,4995
Greenwood,Brooklyn,neighborhood,2198,2200,2197,2300,2300,2350,2300,2350,2300,2500,2450,2375,2190,2250,2400,2425,2550,2665,2673,2750,2600,2400,2395,2200,2250,2350,2299,2323,2492,2450,2499,2550,2398,2499,2500,2450,2499,2500,2550,2500,2500,2499,2400,2399,2200,2200,2050,2100,2100,2000,2000,2100,2213,2200,2299,2350,2350,2400,2399,2300,2400,2398,2500,2800,3000,2750,2800,3150,2895,3000,3199,3208,3259,3267,3195,3045,3373,3300,3100,3000,3150,3450
Hamilton Heights,Manhattan,neighborhood,2400,2375,2399,2400,2441,2500,2480,2400,2495,2400,2350,2325,2250,2200,2400,2571,2475,2400,2500,2500,2595,2428,2495,2400,2363,2400,2473,2500,2500,2548,2550,2600,2595,2438,2450,2425,2350,2500,2600,2695,2500,2500,2475,2395,2300,2348,2292,2292,2292,2250,2200,2250,2300,2300,2350,2350,2350,2400,2425,2500,2495,2500,2550,2599,2643,2795,2773,2750,2800,3000,2795,2600,2695,2650,2599,2650,2700,2800,2885,2970,2970,2800
Highbridge,Bronx,neighborhood,1650,1650,1650,1588,1625,1750,1800,1750,2030,1850,1790,1790,1885,1970,1800,1763,1800,1800,1775,1725,1800,1995,1950,1950,2161,2161,1850,1630,1636,1850,1948,1850,1675,1750,1800,1900,1935,1945,1800,1952,1902,1902,2000,1843,1825,1875,1799,1700,1650,1713,1852,1796,1880,1900,1902,1904,1850,1825,1698,1875,1904,,2072,2048,2095,2100,2100,2100,1895,1725,1760,2053,2100,2338,1900,2100,2300,2349,2275,2300,2375,2375
Hillcrest,Queens,neighborhood,,,2500,2425,2350,2375,2525,,,,,,,,,2550,,,,4075,3600,,,3350,3100,,3200,,2850,2500,2300,,,,,,,,,,,,2900,,,,,,,,,,,,,,,,,,,2200,,,,,,,,3985,,,,,,,,,,,,
Hollis,Queens,neighborhood,,,,,,,,,,,,,,,,,,,,,,,,,,,,,,,,,,,,,,,,,,,,,,,,,,,,,,,1751,1618,1657,,2158,,,,,,,,,,,,,,,,,,,,,,,
Howard Beach,Queens,neighborhood,,,,,,2200,1950,,,1725,,,,,1800,,,,2000,1900,2000,,2000,2000,,,,,,,,,,,,,,,,,,,,,,,,,,,,,,,,,,1900,,,,,2300,2500,2490,,2200,2500,2500,2250,2200,2400,,,2600,,2500,,,,,2700
Hunts Point,Bronx,neighborhood,,,,,,1650,1650,,,,2125,,1625,,,,,,,,,,,,,,,,,,,,,,,,,,,,,,,,,,,,,,,,,,,,,,,,,,,,,,,,,,,,,,,,,,,,,
Inwood,Manhattan,neighborhood,1750,1800,1850,1875,1891,1850,1850,1850,1845,1845,1750,1795,1850,1850,1900,1900,1850,2000,2000,1938,1925,1975,1900,1875,1800,1952,1910,1950,1895,1963,2060,2050,2065,2100,2000,2000,2025,2050,1995,2075,2000,1900,1940,2000,1925,1875,1875,1850,1850,1900,1940,1899,1850,1800,1850,1850,1913,1950,1925,1950,2000,2050,2050,2198,2150,2044,2050,2125,2185,2008,2000,2000,2100,2000,2000,2100,2185,2195,2195,2173,2313,2200
Jackson Heights,Queens,neighborhood,1950,1850,1850,1850,1850,1850,1850,1850,1900,1850,1900,1925,1900,1950,1895,1875,1850,1850,1950,1950,1950,1900,1795,1795,1799,1800,1850,1900,1992,1995,2100,2000,2000,1938,2000,1997,2099,2100,2000,2000,1982,2000,1999,1950,1950,1950,1875,1800,1800,1838,1850,1800,1800,1880,1923,1900,1900,2000,2100,2000,1900,1945,1900,2075,2113,2013,2100,2099,2200,2195,2200,2198,2100,2250,2275,2300,2300,2400,2495,2500,2499,2300
Jamaica,Queens,neighborhood,1903,1950,2010,2000,1975,2383,2450,1725,1763,2050,1828,1828,1995,1995,1995,1998,1946,2200,2383,2329,2275,2170,2170,2125,2170,2000,2125,2170,2170,2170,2170,2178,2200,2200,2200,2200,2188,2229,2263,2175,2075,1994,2111,1999,2002,2083,2105,2025,2163,2248,2000,2000,2125,2200,2225,2565,2313,2409,2442,2368,2390,2368,2405,2598,2682,2693,2698,2719,2625,2625,2695,2685,2695,2705,2665,2685,2737,2765,2718,2775,2823,2830
Jamaica Estates,Queens,neighborhood,2250,2195,1738,1795,1600,1750,1938,2998,2495,1995,1995,1875,1850,1800,1888,1800,1833,2545,2320,2273,2325,2288,1800,2192,1550,2098,1799,1785,1895,1895,1884,1849,1800,1750,1625,1785,1895,2075,2335,,1825,1850,1900,2005,1873,1960,1800,1850,1775,1960,2180,1905,1848,1928,1960,1935,1900,1850,1850,1825,1850,1850,1800,1850,2030,2165,2450,2600,2100,2050,2000,1985,1800,1825,1963,1675,1950,2150,2325,2175,2450,2150
Jamaica Hills,Queens,neighborhood,1650,1588,1625,1925,2000,,2250,,,,,,,,,,,2400,2400,,,,,,,,,,,2150,1875,1795,1850,1895,2375,1850,,,,,,,,1750,,1750,1750,1825,1625,1750,1750,1895,1873,,1775,2275,1850,1975,1600,1613,,1575,1613,1650,1650,,2200,1950,1798,2250,2250,2250,1875,1650,1625,,1645,,1898,2650,2592,2113
Kensington,Brooklyn,neighborhood,2100,1960,1895,1900,1950,2000,2100,2050,2000,2050,2000,2000,2095,2100,2100,1995,1995,2000,2200,2199,2100,2000,2095,2100,2100,2150,2000,2200,2100,2100,2250,2295,2349,2175,2200,2000,2100,2295,2250,2249,2150,2200,2165,2100,2000,1900,1880,1880,1875,1850,1800,1795,1800,1913,1993,2100,2250,2199,2050,2100,2250,2225,2248,2250,2575,2657,2650,2620,2600,2500,2300,2556,2495,2500,2648,2800,2650,2500,2500,2595,2725,2400
Kew Gardens,Queens,neighborhood,1975,1900,1950,2000,1850,1850,1850,1950,1888,1950,2000,2000,2000,1850,1950,1898,1850,2000,1898,1875,1825,1885,1850,1998,1850,1895,1900,1998,2057,2062,1975,1975,1900,1875,1843,1875,1895,2000,1965,1953,1850,1825,1850,1825,1878,1800,1900,1800,1875,1900,1870,1800,1800,1850,1895,1900,1895,1950,1995,2078,2050,1999,1999,1975,2000,2098,2099,2150,2150,2200,2300,2300,2300,2250,2100,2125,2200,2295,2350,2423,2495,2495
Kew Gardens Hills,Queens,neighborhood,1975,1975,1975,1950,1925,1875,1811,1975,1975,1975,1975,1850,1900,1875,1895,2000,2000,2000,1899,1875,2000,2000,1983,1853,1895,2013,1878,1856,1833,2025,2008,1929,1950,1985,1925,1810,1925,1898,1898,1810,1810,2150,2100,2000,1880,1978,1950,1825,1900,1900,1900,1999,2012,1950,2050,1750,2050,2000,2025,1999,2150,2200,2000,2225,2075,1999,2095,2300,2375,2400,2600,2400,2300,2299,2300,2200,2450,3200,2875,2980,2999,2999
Kingsbridge,Bronx,neighborhood,1925,1600,1750,1697,1919,1625,1625,1700,1625,1750,1750,1725,1550,1625,1775,1950,1900,1838,1750,1763,1800,1750,1750,1695,1673,1828,1888,1850,1963,1825,1750,1885,1895,1825,1700,1813,1838,1775,1850,1900,1700,1785,1813,1750,1797,1790,1900,1788,1850,1799,1775,1800,1800,1800,1800,1950,1888,1750,1700,1725,1650,1700,1923,1863,1900,2107,1995,1875,1775,1910,1885,1895,2000,2213,2060,2175,2138,2243,2395,2399,2399,2399
Laconia,Bronx,neighborhood,,,,,,,,,,,,,,,,,,,,,,,,,,,,,,,,,,,,,,,,,,,,,,,,,,,,,,,,,,,,,,,,,,,,,,,,,,,,,,,,,,
Laurelton,Queens,neighborhood,,,,,,,,,,,,,,,,,,,,,,,,,,,,,,,,,,,,,1900,2250,,,,,,,,,,,,,,,,,,,,,,,,,,,,,,,,,2299,,,,,,,,,,,
Little Italy,Manhattan,neighborhood,3050,3100,3050,3000,2799,2800,2800,3000,2795,2700,2795,2613,2600,2600,2998,3000,3045,2848,2900,2795,2700,3100,3150,3000,3200,3048,3000,3550,3350,3400,3200,3563,3450,3400,3350,3300,3200,3460,3473,3424,3200,3200,2995,2750,2900,2700,2675,2625,2398,2398,2400,2700,2500,2775,2739,2900,2838,2995,2995,2995,3200,3500,4000,4000,4098,4200,4000,3750,3995,4200,3900,3995,3875,4000,4498,4400,4100,4225,4000,4100,3973,4323
Little Neck,Queens,neighborhood,,,,,,2600,2550,,,,,,,,,,,,,,,,,,,,,,,,,,,2498,,,,,,,,,,,,,,,,,,,,,,,,,,,,,,,,,,,,,,,,,,,,,,,,
Long Island City,Queens,neighborhood,3030,3017,2983,2996,2950,3000,3055,3100,3000,2898,2829,2830,2827,2895,2944,2900,3024,3102,3123,3115,3204,3100,3095,3098,3051,3000,3084,3187,3250,3270,3298,3386,3302,3327,3275,3200,3158,3155,3195,3140,3100,3090,2995,2910,2876,2999,3000,2980,2950,2950,2936,2960,3019,3195,3259,3400,3485,3527,3600,3690,3600,3675,3735,3995,4100,4095,4054,4000,3960,3873,3900,3871,3850,4000,4076,4100,4259,4000,4100,4248,4288,4250
Longwood,Bronx,neighborhood,,,1800,1575,,1563,,,,,,,,,,,,,1650,1550,,2088,,,2028,2065,2175,2000,2025,1923,,,,,,,,,,,,,,2025,2049,2000,,,,,,,,,,,,,,,,,,,,,,,,,,,,,,,,,,,,
Lower East Side,Manhattan,neighborhood,2895,3100,3000,3000,3200,3156,3200,3195,3097,3000,2995,2950,2983,2950,3030,3204,3250,3200,3250,3323,3300,3300,3300,3250,3200,3250,3250,3400,3585,3600,3450,3500,3550,3600,3664,3700,3800,3910,3920,3695,3465,3199,3000,2994,2800,2800,2795,2750,2750,2700,2755,2807,3000,3100,3295,3475,3500,3500,3600,3695,3948,3999,4144,4153,4299,4200,4295,4265,4400,4193,3995,4000,4200,4300,4200,4275,4200,4400,4350,4200,4395,4200
Manhattan,Manhattan,borough,3215,3250,3250,3300,3300,3300,3300,3300,3300,3267,3200,3200,3200,3204,3200,3250,3300,3300,3300,3300,3299,3250,3250,3295,3275,3300,3300,3400,3460,3500,3499,3495,3500,3500,3500,3500,3500,3500,3500,3450,3300,3203,3100,2999,2914,2824,2800,2800,2775,2799,2800,2800,2895,2950,3000,3136,3250,3325,3495,3550,3725,3818,3895,4000,4041,4100,4195,4150,4195,4155,4100,4175,4200,4300,4295,4395,4395,4350,4329,4295,4295,4200
Manhattan Beach,Brooklyn,neighborhood,,2500,,,,,,,,,,,,,,,,,,,,,,,,,,,,,,,,,,,,,,,,,,,,,,,,,,,,,,,,,,,,,,,,,,,,,,,,,,,,,,,,
Marble Hill,Manhattan,neighborhood,,,,,,,2200,2235,2200,,,,,2200,2255,2320,,,2240,2220,2013,1975,2160,,,2050,2095,2363,,,2075,2175,,,2383,,2383,,2260,,,,,1838,,,,,,1895,1895,1895,1875,1885,,1850,1925,,,,1938,1950,,,,,,,2350,,,,,,,,,,,,,
Marine Park,Brooklyn,neighborhood,1875,1850,,,1750,1750,1950,2000,,,2096,2271,2300,2300,,,,,,1699,,2250,2600,2500,1700,2000,2325,1868,,,,2195,2200,,,,,,,,,,,,,,2075,2075,2100,,2000,,,,,,2000,1925,,,,,2500,2999,,2913,,,,,2699,,,,,,,,,,,
Maspeth,Queens,neighborhood,2000,2099,2150,2100,2100,2150,2175,2200,2200,2148,2000,2000,2125,2050,2250,2200,2000,2199,2075,2200,2100,2099,2075,2025,2100,2100,2200,2100,2093,2199,2199,2098,2100,2100,2100,1975,1950,2100,2225,2100,2295,2250,2100,2100,1999,1917,1925,1900,1900,2000,2100,2100,2100,2050,2160,2170,2000,2100,2199,2175,2200,2399,2300,2250,2300,2400,2425,2500,2500,2500,2500,2400,2350,2500,2500,2450,2500,2544,2519,2675,2500,2500
Melrose,Bronx,neighborhood,,,,1713,1925,1982,2000,2025,,1880,1817,,,,,,1900,1663,,1842,1775,1675,,,1840,1840,1837,1750,1844,1975,2034,2016,1987,1920,1920,1920,1795,2200,2200,,,,,1438,,2108,2150,,1750,,,1723,1900,1848,1975,,1999,2000,2195,1995,1995,,1895,1800,1800,2100,2100,2000,1963,2100,,,,2150,2300,2200,,2600,2800,2400,2388,2295
Middle Village,Queens,neighborhood,2100,2100,2250,1900,1875,2000,1973,1950,2000,1999,1875,1723,,2200,2000,2075,2085,2095,2000,2100,2200,2200,2099,2000,2099,1950,2199,2200,2200,2000,2200,2050,2300,2450,2450,2100,2200,2300,2287,,2399,2400,2275,2238,2200,2100,2199,1975,2200,2000,2000,2200,2100,2100,1975,2100,2199,2100,2248,2300,2300,2100,2100,2599,2400,2499,2500,2500,2500,2588,2400,2399,2625,2600,2650,2538,2538,2500,2500,2500,2375,2500
Midtown,Manhattan,neighborhood,3950,4000,3999,4000,4200,4200,4198,3802,4000,3900,3854,3900,3863,3950,3900,3800,3800,3900,3873,3895,3930,3995,4000,3910,3859,3900,4000,4000,4200,4198,4125,4000,4125,4295,4328,4277,4034,4073,4150,3950,3698,3537,3500,3670,3600,3500,3495,3500,3400,3500,3500,3500,3842,3865,3990,4250,4525,4650,4590,4835,4995,4998,5000,5000,5200,4800,5000,4900,4960,5000,5100,5070,5100,5100,5000,5200,5400,5100,5010,5100,5100,5048
Midtown East,Manhattan,neighborhood,3295,3350,3332,3395,3395,3400,3375,3323,3300,3300,3195,3200,3250,3275,3287,3345,3395,3400,3420,3400,3395,3395,3400,3420,3389,3395,3400,3428,3495,3500,3594,3595,3575,3536,3600,3500,3573,3512,3500,3426,3296,3127,3000,2950,2850,2754,2750,2725,2719,2800,2850,2945,3000,3130,3350,3495,3695,3700,3995,3995,4200,4273,4250,4250,4200,4200,4300,4175,4200,4100,4100,4200,4209,4353,4350,4500,4493,4495,4423,4450,4495,4371
Midtown South,Manhattan,neighborhood,3895,3950,3965,3964,3923,3885,3950,3969,3965,3950,3689,3623,3572,3616,3598,3650,3675,3950,3850,4053,3988,3965,3840,3895,3800,3900,3995,3923,4000,4149,4155,4097,4195,4028,4028,4125,3992,4200,4156,3760,3696,3575,3458,3289,3200,3300,3100,3188,3200,3255,3286,3395,3655,3975,4070,4358,4598,4600,4595,4795,4995,4735,4673,4873,4995,5000,5000,4895,4773,4700,4550,4895,4895,4918,4910,5050,4855,5000,4792,4800,4803,4726
Midtown West,Manhattan,neighborhood,3300,3323,3215,3342,3400,3415,3450,3495,3441,3400,3300,3300,3297,3300,3300,3390,3450,3495,3454,3461,3500,3495,3470,3500,3450,3500,3500,3507,3575,3600,3650,3700,3654,3600,3647,3659,3647,3641,3643,3500,3300,3200,3047,2950,2900,2900,2850,2840,2900,2895,2936,3000,3000,3195,3439,3500,3700,3855,3928,4000,4225,4200,4178,4296,4455,4300,4338,4174,4232,4195,4195,4270,4275,4300,4295,4395,4399,4390,4338,4364,4194,4178
Midwood,Brooklyn,neighborhood,1800,1825,1900,1888,1800,1850,1800,1750,1850,1787,1800,1700,1765,1750,1725,1750,1750,1750,1795,1850,1895,1808,1807,1797,1825,1846,1850,1899,1899,1875,1900,2075,1950,1975,2000,2100,2100,2050,2100,2055,2055,2000,1925,1950,1858,1850,1850,1850,1850,1773,1800,1845,1950,1985,1976,1975,2096,1997,2100,2100,2163,2125,2100,2095,2200,2300,2300,2250,2300,2500,2450,2500,2600,2550,2550,2446,2528,2399,2450,2497,2498,2850
Mill Basin,Brooklyn,neighborhood,,,,,,,,,,,,,,,,,,,,2400,,,,,,,,,,,,,,,,,,,,,,,,,,,,,,,,,,,,,,,,,,,,,,,,,,,,,,,,,,,,,,
Morningside Heights,Manhattan,neighborhood,3284,3197,3190,3240,3214,3100,3200,3215,3000,2863,2869,2979,2900,2979,2995,2997,3150,3195,3200,3200,3100,3010,2975,2937,2995,2850,2929,3000,3145,3375,3295,3323,3295,3123,3200,3200,3200,3200,3200,3132,3367,3350,3170,2950,2853,2896,2850,2999,3200,3000,3195,3364,3431,3300,3300,3335,3095,3350,3600,3200,3295,3298,3766,4017,3900,4000,3750,3848,4350,3900,4215,3950,3895,4215,4193,4450,4200,4200,4150,4195,4198,3795
Morris Heights,Bronx,neighborhood,1460,1495,1795,1495,1495,1650,1600,1700,1675,1675,1675,,,,,,,,1750,1800,1800,1595,1602,1698,1695,1695,1650,1650,,1800,1848,2100,2100,2050,1884,1967,1967,2061,1900,,,1850,1850,1798,1850,1900,1800,1850,,,,,1825,,1750,1800,1795,,1848,,,,1925,,2132,2149,,2200,2445,2548,2575,2295,2248,2890,2676,2890,2890,,,,,
Morris Park,Bronx,neighborhood,1500,1500,1550,1625,1600,1650,1600,1600,1750,1600,1600,1600,1800,1825,1900,1900,1850,1813,1900,1925,1725,1850,1650,1650,1787,1788,1700,1750,1775,1900,1900,1995,1899,2225,2200,,1745,1700,1999,1998,,1998,2024,1714,1757,1869,1849,1688,1675,1700,1850,2075,2049,1749,1800,1899,1825,,1949,,,,,,,1999,2200,2300,2270,,1750,1823,1825,1948,2000,1975,1900,2350,2350,2400,2324,
Morrisania,Bronx,neighborhood,,,,,,,,,,,,,1825,,,,,,,1775,1650,2200,1700,2000,1700,,,1800,1875,1887,2108,2031,2050,1849,,,1850,,,,,,,,1800,,2005,,,,,2025,,,,,,,2550,,,,,,,,,,,,,,,,1975,,,,,,2250,2425
Mott Haven,Bronx,neighborhood,2200,1988,2118,1950,1950,1950,1950,1950,1860,1925,2155,2155,2155,2200,2200,2238,2250,2290,2300,2250,2125,2000,2000,1950,2025,2295,2238,2250,2250,2475,2446,2381,2350,2295,2185,2189,2275,2389,2389,2350,2188,2100,2259,2220,2200,2200,2267,2250,2275,2200,2248,2318,2350,2300,2400,2450,2500,2481,2504,2500,2725,2825,3013,2675,2800,2825,2850,2822,2750,2825,2750,2600,2865,2882,2877,2865,2950,2966,3000,3000,3064,3150
NYC,,city,2750,2750,2700,2750,2770,2795,2800,2857,2800,2795,2700,2700,2695,2672,2699,2750,2795,2800,2825,2800,2784,2700,2658,2656,2695,2700,2700,2800,2850,2900,2950,2947,2925,2900,2899,2895,2900,2900,2925,2995,2950,2890,2800,2745,2650,2550,2500,2500,2499,2500,2495,2500,2520,2600,2694,2700,2750,2700,2750,2800,2900,2995,3000,3200,3350,3500,3550,3550,3500,3500,3400,3405,3495,3500,3500,3659,3725,3750,3795,3750,3700,3600
New Hyde Park,Queens,neighborhood,,,,,,,,,,,,,,,,,,,,,,,,,,,,,,,,,,,,,,,,,,,,,,,,,,,,,,,,,,,,,,,,,,,,,,,,,,,,,,,,,,
Nolita,Manhattan,neighborhood,3600,3995,3600,3748,3679,3723,3795,3795,3625,3495,3498,3500,3500,3495,3500,3595,3645,3695,3895,3714,3595,3650,3700,3500,3375,3500,3563,3750,3850,3795,3795,3895,3795,3795,3825,3895,3750,3895,3795,3750,3500,3500,3400,3200,3000,2995,2950,2800,2777,2625,2673,2698,3000,3573,3700,4048,3995,3995,3695,3625,4148,4000,4195,4495,4548,4800,4995,5250,4995,5100,4900,4900,4495,4498,4495,4295,4395,4498,4840,4898,4898,4600
North Brooklyn,Brooklyn,submarket,2999,2995,3000,3000,3000,3099,3095,3000,3000,2970,2875,2800,2800,2865,2900,2953,2999,3000,3000,3000,2999,2995,2899,2860,2950,2995,2975,3138,3249,3270,3399,3415,3495,3497,3499,3500,3450,3499,3438,3400,3290,3170,3100,3000,2899,2800,2800,2799,2750,2800,2800,2800,2850,3055,3400,3600,3718,3593,3700,3750,3700,3800,3800,4000,4000,4300,4399,4300,4342,4300,4100,4200,4200,4245,4250,4300,4418,4495,4500,4500,4500,4490
North Corona,Queens,neighborhood,,,,1775,1725,2250,1763,,,1695,1550,,1575,1610,1700,1725,1633,1950,1950,1700,1698,,,1645,1550,,1650,1883,2325,1850,2495,1750,,,1775,2100,2450,,,,,,,1725,,1950,2150,1938,2050,,2300,2300,2145,1995,1990,1550,,,,,,,,2300,2125,,,2100,,2700,,2025,,,,,2800,3500,2480,,,
Northeast Queens,Queens,submarket,1975,1975,1938,2000,1975,2000,2100,2000,1925,1975,2000,1900,1975,1899,1900,1963,1975,2000,1995,1988,1999,1930,1950,2000,1925,1975,1999,1995,1990,2000,2000,1975,1994,1900,1889,1890,1933,1950,1995,1925,1900,1995,2000,1900,2000,1950,1975,1950,1875,1850,1850,1850,1851,1875,1895,1900,1950,1950,1950,1997,2029,2000,2050,2050,2100,2100,2198,2250,2199,2250,2250,2300,2250,2200,2198,2298,2350,2350,2350,2395,2495,2450
Northwest Brooklyn,Brooklyn,submarket,2950,2995,2950,2995,3000,3000,3000,3000,2995,2999,2915,2980,2995,2950,3000,3000,3163,3195,3200,3200,3100,3044,3100,3128,3100,3090,3150,3285,3344,3400,3400,3415,3424,3400,3300,3300,3375,3350,3347,3281,3290,3185,3100,3000,2918,2850,2800,2800,2759,2795,2800,2875,2950,3000,3190,3334,3500,3495,3600,3725,3850,3895,3812,3957,4100,4195,4304,4300,4250,4193,4291,4180,4129,4095,4134,4200,4200,4200,4250,4250,4305,4200
Northwest Queens,Queens,submarket,2300,2300,2300,2300,2300,2350,2350,2418,2400,2341,2350,2300,2250,2250,2250,2295,2300,2300,2350,2400,2400,2300,2300,2297,2300,2300,2300,2395,2400,2400,2450,2499,2500,2550,2550,2500,2550,2580,2500,2600,2500,2446,2400,2300,2250,2199,2150,2099,2095,2099,2000,2140,2200,2299,2300,2400,2400,2400,2436,2500,2500,2541,2600,2800,2900,3000,3100,3200,3200,3100,3000,3174,3195,3000,3100,3200,3300,3300,3400,3400,3200,3245
Norwood,Bronx,neighborhood,1495,1500,1475,1495,1485,1475,1500,1550,1550,1675,1695,1500,1683,1595,1499,1475,1475,1900,1750,1550,1550,1550,1675,1798,1675,1475,1500,1598,1600,1625,1650,1722,1750,1760,1822,1675,1675,1737,1525,1650,1650,1638,1850,1850,1745,1720,1550,1613,1950,1795,1563,1650,1700,1700,1595,1600,1898,1550,1950,2260,1795,1860,1750,1725,1700,1838,1895,2100,1895,2295,2130,2125,2100,1835,1885,1895,1773,1900,1875,1875,1948,1838
Oakland Gardens,Queens,neighborhood,1700,1725,1725,2075,2150,1763,2100,1763,,1700,1650,1650,,,,,,,,,,,1775,2200,2000,,,,1750,1975,2075,,,,,,1900,,,,2425,,,,2100,2100,,,,,2023,1875,2095,2095,2250,2450,2500,2550,2150,2125,2260,2300,2375,2375,2450,2450,2350,2345,2325,2348,2300,2300,2598,2373,2395,2395,2395,2425,2350,2498,2575,2599
Ocean Parkway,Brooklyn,neighborhood,,,,,,,,,,,,,,,,,,,,,,,,,,,,,,,,,,,,,,,,,,,,,,,,,,,,,,,,,,,,,,,,,,,,,,,,,,,,,,,,,,
Old Mill Basin,Brooklyn,neighborhood,,,,,,,,,,,,,,,,,,,,,,,,,,,,,,,,,,,,,,,,,,,,,,,,,,,,,,,,,,,,,,,,,,,,,,,,,,,,,,,,,,
Ozone Park,Queens,neighborhood,,,,,,,,,,,,,,,,,1475,1600,1650,1550,1475,1563,,,,1613,,,,,,,,,2000,,,,,,,,,,,,,,,,,,,,,,,,,,,,,,,,,,,,,,,,,,,,,,,
Park Slope,Brooklyn,neighborhood,2795,2750,2700,2700,2800,2800,2800,2800,2900,2800,2800,2800,2800,2750,2700,2831,2880,2884,2900,2950,2950,2995,2950,2932,2850,2850,2895,2900,3000,3000,3100,3108,3000,3295,3000,3000,3000,3200,3200,3099,3150,3000,2995,2900,2800,2800,2700,2650,2695,2695,2600,2599,2650,2700,2795,2950,3000,3150,3185,3100,3275,3124,3450,3350,3800,3800,4000,3900,3950,4200,4225,3995,3997,3814,3750,3750,3850,3995,4125,3995,3995,3985
Parkchester,Bronx,neighborhood,1550,1680,1625,1846,1680,1605,1600,1598,1608,1450,1395,1395,1425,1425,1435,,1450,1450,1501,1513,1500,1507,1513,1483,1514,1514,1542,1695,1588,1549,1700,1600,1600,1600,,,,,1625,,1600,,,1600,,1600,1600,1600,1600,1550,,,,,1600,1950,2010,1975,1923,1850,1800,1600,1600,1650,1600,1600,1600,1800,1885,1950,,,,2298,2075,2499,2499,1950,,1663,,1950
Pelham Bay,Bronx,neighborhood,1413,1375,,,1448,1500,1563,1625,1700,1625,1625,1500,1550,,,1800,1648,,1550,1800,1800,1750,2000,1975,1975,1625,1675,1725,1625,,,1875,1575,,,,1650,,,,,,,1618,,1650,,1750,1759,1746,1650,,1750,1700,1695,1695,1750,1750,1700,,1850,,1900,1900,1950,,,,,1848,,2291,,,,,,,,1804,,
Pelham Gardens,Bronx,neighborhood,,,,,,,,1750,,,1800,,,,,,,,,1875,,,,,,,,,,,,,,,,,,,,,,,,,,,,,,,,,,,,,,,,,,,,,,,,,,,,,,,,,,,,,,
Pelham Parkway,Bronx,neighborhood,,,,,,,,,,,,,,,,1888,1837,1899,1795,1825,1875,,,,1750,,,,,1900,1787,1650,2133,1874,1862,1899,2299,1899,1979,1990,1750,1824,1989,1950,1949,1899,1950,1899,1850,1800,1875,1949,1950,2065,1925,1824,,2029,2138,2100,2100,1750,1750,1750,1695,1695,1750,1750,1925,1900,1875,1762,1750,2160,1925,2200,1995,2349,2199,2150,2299,2299
Pomonok,Queens,neighborhood,,,,,,2200,2200,,,,,,,,,,,,,,,,,,,,,,,,,,,,,,,,,,,,,,,,,,1795,,,,1675,,,,,,,,,1693,,,1650,,2100,2000,,,,,,,,,3100,,,,,
Port Morris,Bronx,neighborhood,,,,,,,,,,,,,,,,,,,,,,,,,,,,,,,,,,,,,,,,,,,,,,,,,,,,,,,,,,,,,,,,,,,,,,,,,,,,,,,,,,
Prospect Heights,Brooklyn,neighborhood,2700,2800,2800,2850,2956,2952,2950,2900,2900,2825,2800,2800,2800,3000,2949,2850,3000,3100,3150,2979,2898,2850,2775,2950,2950,2850,2800,2900,2925,2995,3162,3013,3450,3262,3250,3490,3263,3050,3025,3225,3200,3100,3000,2925,2800,2706,2650,2600,2680,2600,2600,2680,2800,2900,3000,3200,3208,3150,3291,3400,3400,3650,3650,3835,4160,4198,4250,4200,4100,3995,3995,3995,3990,4080,4050,4095,4000,4400,4300,4228,4338,4313
Prospect Lefferts Gardens,Brooklyn,neighborhood,2137,2200,2200,2198,2095,2175,2200,2097,2100,2098,2000,2150,2000,2200,2249,2350,2400,2400,2494,2344,2300,2250,2250,2297,2250,2299,2395,2350,2399,2470,2395,2400,2300,2400,2300,2200,2400,2375,2299,2400,2450,2350,2395,2300,2199,2199,2100,2000,2000,2000,1995,1995,2195,2200,2400,2430,2499,2400,2350,2300,2300,2355,2500,2500,2639,2750,2972,2900,2949,2850,2849,2699,2850,2787,2799,2825,2949,3000,3000,3000,3000,3000
Prospect Park,Brooklyn,submarket,2538,2550,2566,2600,2650,2700,2700,2700,2650,2600,2500,2499,2500,2500,2500,2563,2653,2700,2749,2700,2695,2600,2600,2600,2599,2595,2600,2700,2795,2800,2800,2800,2781,2850,2700,2700,2700,2734,2750,2700,2850,2800,2750,2695,2569,2500,2499,2495,2493,2450,2400,2450,2500,2500,2650,2700,2800,2736,2723,2750,2900,2987,3000,3150,3400,3400,3599,3500,3525,3500,3385,3263,3300,3399,3400,3550,3600,3600,3700,3621,3650,3600
Prospect Park South,Brooklyn,neighborhood,1998,1975,1997,2150,2240,2100,1999,2000,2025,1999,1950,1995,2100,2000,1975,2150,2150,2175,2099,2150,2100,2076,1975,2100,2150,2150,2195,2200,2250,2250,2250,2200,2199,2154,1999,2242,2200,2100,2113,2195,2199,2199,2195,2150,2100,2091,1997,1899,1910,1850,1895,1895,2100,2250,2300,2150,2325,2200,2275,2200,2250,2150,2297,2300,2150,2758,2790,2550,2600,2398,2550,2562,2574,2442,2650,2525,2500,2495,2600,2850,2787,2787
Queens,Queens,borough,2200,2200,2200,2200,2200,2200,2250,2300,2250,2200,2200,2197,2150,2150,2200,2200,2200,2200,2250,2300,2275,2200,2195,2150,2200,2200,2200,2250,2250,2300,2300,2300,2300,2300,2299,2250,2300,2350,2350,2399,2350,2300,2300,2200,2200,2100,2100,2042,2000,2000,2000,2050,2100,2195,2200,2250,2250,2250,2275,2300,2300,2300,2335,2400,2500,2600,2600,2625,2650,2650,2600,2600,2625,2600,2650,2720,2800,2853,2900,2900,2900,2900
Queens Village,Queens,neighborhood,1775,,,,,,1900,,,,,,,1798,,,,,,,,,,,,,,,,,,,,,,,,,2125,,,2100,,,2125,,,,,,1600,,,,,,2125,1975,1999,,2200,2150,1850,,,,,,,,1900,,,1800,1888,1650,1775,1776,1895,2000,2200,
Red Hook,Brooklyn,neighborhood,2475,2500,2850,2699,2600,2699,2600,2800,2800,2850,2850,2825,2600,2750,2813,2750,2775,2750,2550,2600,2625,2500,2700,2718,2613,2700,2750,2700,2700,2950,2700,2700,2799,2749,2700,2700,2600,2575,2700,2700,2900,2850,2725,2700,2500,2200,2500,2650,2500,2500,2400,2300,2400,2400,2300,2200,2100,3100,3125,2856,2900,2500,2875,2850,2900,3000,3648,3200,3500,3000,2975,3000,3150,3300,3300,3600,3000,3200,3000,3200,3750,3995
Rego Park,Queens,neighborhood,2200,2165,2150,2150,2088,2175,2168,2300,2200,2200,2000,2000,2050,2025,2050,2073,2000,1975,2100,2160,2150,2138,2050,2050,2050,2079,2150,2100,1950,2084,2113,2150,2204,2075,2187,2109,2150,2100,2175,2100,2100,2100,1963,1900,1950,1916,1950,1970,2000,2000,1850,1995,2000,2100,2100,1995,2025,2000,2095,2281,2300,2150,2000,2000,2100,2285,2350,2500,2400,2550,2425,2325,2495,2500,2594,2600,2505,2595,2525,2750,2880,2828
Richmond Hill,Queens,neighborhood,1650,1650,,,,1700,1700,,,,,,,,2100,1775,1625,,,,1900,1850,1650,1650,1788,,,,1675,1713,1688,1695,,1675,2050,1850,1850,1850,,,1900,1900,,1700,,,,,1900,1938,1900,1900,1725,1725,1950,1875,1695,1700,1698,1898,2100,1725,1713,1725,1800,1950,1800,1800,2100,2100,2100,2075,1900,1800,1800,1788,2200,2198,,2200,2200,1975
Ridgewood,Queens,neighborhood,2495,2495,2500,2499,2500,2599,2600,2550,2400,2300,2250,2385,2386,2400,2450,2499,2550,2550,2600,2600,2499,2500,2495,2400,2375,2300,2400,2500,2599,2670,2700,2700,2500,2500,2498,2400,2500,2500,2474,2500,2533,2540,2500,2425,2398,2299,2250,2250,2250,2200,2200,2200,2299,2400,2500,2597,2550,2499,2570,2550,2500,2650,2699,2799,2900,3000,3000,3375,3250,3250,3100,3099,2910,2950,2990,3000,3000,3100,3145,3199,3300,3200
Riverdale,Bronx,neighborhood,2008,2000,2000,2098,2073,2125,2200,2200,2150,2100,2048,2048,2130,2200,2295,2395,2250,2345,2250,2160,2200,2150,2200,2300,2250,2200,2200,2200,2200,2200,2300,2300,2300,2300,2300,2300,2395,2400,2445,2500,2375,2400,2450,2495,2496,2400,2335,2250,2395,2423,2270,2276,2300,2399,2400,2500,2573,2585,2468,2340,2397,2450,2450,2400,2563,2800,2598,2563,2800,2700,2700,2593,2593,2513,2500,2600,2600,2600,2795,2763,2850,2800
Rockaway All,Queens,neighborhood,1800,1825,1775,1625,1737,1897,1825,1725,1763,1750,1900,1848,2123,1799,2300,2300,1975,1913,2088,1890,1890,1900,2035,2000,1900,1900,1850,1997,1895,2050,2000,2033,1950,1975,1995,1999,1884,1800,1800,1800,1997,1800,1912,1912,1865,1900,1900,2075,1860,1862,1749,1900,2017,2050,2000,2200,2209,2200,2149,1999,1999,2200,2250,2425,2425,2475,2250,2500,2475,2575,2450,2374,2450,2554,2450,2450,2450,2450,2395,2348,2500,2600
Roosevelt Island,Manhattan,neighborhood,3182,3253,2915,3348,3278,3333,3285,3128,2785,2850,2850,2915,2995,3265,3200,3150,3260,3300,3433,3630,3415,3378,3277,3277,3423,3245,3245,3345,3278,3593,3595,3505,3595,3585,3850,3398,3400,3243,3106,3089,3198,3200,3300,3338,3325,3295,3310,3200,2933,2933,2895,3102,3185,3018,3395,3495,3367,3480,3679,3657,3679,3800,3468,3695,3878,4169,3998,4100,4119,4000,4150,4092,4004,4108,4120,3900,4090,4064,4134,4144,4154,4171
Rosedale,Queens,neighborhood,,,,,,,,,,,,,,,,,,,,,,,,,,,,,,,,,,,,,,,,,,,,,,,,,,,,,,,,,,,,,,,,,,,,,,,,,,,,,,,,,,
Schuylerville,Bronx,neighborhood,,,,,,,,,,,,,,,,,,,,,,,,,,,,,,,,,,,,,,,,,,,,,,,,,,,,,,,,,,,,,,,,,,,,,,,,,,,,,,,,,,
Seagate,Brooklyn,neighborhood,,,,,,,,,,,,,,,,,,,,,,,,,,,,,,,,,,,,,,,,,,,,,,,,,,,,,,,,,,,,,,,,,,,,,,,,,,,,,,,,,,
Sheepshead Bay,Brooklyn,neighborhood,1850,1950,1925,1950,1900,1850,1800,1900,1850,1738,1849,1995,1913,1883,1800,1870,1900,1850,1875,1900,1995,1795,1750,1785,1750,1750,1800,1800,1925,1835,1835,2000,1998,1845,1950,1973,2190,1900,1850,2255,2005,2025,2000,2010,1875,1900,1995,1915,1869,1900,1900,1800,1849,1850,1850,1875,1997,2000,1900,1883,1913,1985,1963,1900,2082,2100,2250,2299,2300,2395,2500,2550,2425,2600,2700,2550,2600,2525,2525,2995,2999,2800
Soho,Manhattan,neighborhood,4900,4795,4615,4748,4728,4500,5010,4898,4950,5200,5813,6500,5500,6000,5400,5000,4995,4500,4997,5500,5500,5400,5500,5778,6200,5900,5025,4829,5150,5050,5198,5350,5398,5198,6650,6348,5095,4500,5450,5325,4448,4295,4095,4050,4165,3995,4159,4002,3850,4000,3994,3995,4200,4800,4900,5700,5600,6500,6700,6000,5998,5900,6000,6300,5762,5200,5400,6000,7300,6558,6900,6900,6158,6000,6000,6225,5795,5812,6000,6595,8150,7500
Soundview,Bronx,neighborhood,1700,1800,1650,1675,1700,1750,1700,1875,1675,1688,1600,,1615,1675,1650,1900,2063,2025,2000,1875,1995,1898,1800,1725,1725,1513,1950,2025,1947,1813,1513,1650,1765,1850,1984,1895,2073,1850,2000,2000,1895,1699,1850,2075,1687,1862,1862,1831,1950,2036,2011,2021,2075,1838,2048,2000,1856,1950,2250,2100,2027,1791,1650,,2200,2244,1941,2500,2650,2425,1750,2000,1650,1788,2500,1950,2500,,1750,2250,,
South Brooklyn,Brooklyn,submarket,1950,1984,1950,1995,1999,2000,2000,2000,1999,2000,1957,1955,2000,2000,1999,1999,2000,2070,2099,2100,2099,2000,2000,2000,2000,2000,2000,2050,2100,2095,2100,2100,2100,2100,2100,2179,2199,2195,2200,2200,2183,2163,2150,2100,2017,1999,1950,1925,1925,1900,1900,1900,1962,2000,2000,2096,2100,2100,2100,2096,2149,2200,2275,2300,2400,2499,2500,2500,2500,2500,2499,2500,2539,2550,2595,2600,2650,2655,2700,2700,2700,2699
South Jamaica,Queens,neighborhood,,,,,,,,,,,,,,,,,,,,,,,,,,,,,,,,,,,,,,,,,,,,,,,,,,,,,,,,,,,,,,,,2500,,,,,,,2450,2550,,,,,1800,1800,,,,
South Ozone Park,Queens,neighborhood,,,,,,,,,,,,,,,,,,,,,,,,,,,,,,,,,,,,,,,,,,,,,,,,,,,,,,,,,,,,,,,,,,,,,,,,,,,,,,,,,,3000
South Queens,Queens,submarket,1750,1800,1900,1963,1950,1990,1950,1825,1950,1995,1900,1875,1900,1850,1950,1850,1850,1973,2000,2050,2000,1995,1938,1850,2000,1900,1942,2000,1995,1900,2075,1999,2100,2000,2000,2000,2000,2200,2200,2106,1943,1902,2005,2000,2000,2000,2000,2003,2000,2100,1975,1995,1995,1998,2000,2225,2100,2170,2199,2200,2250,2295,2290,2355,2445,2450,2500,2535,2500,2400,2495,2450,2300,2306,2400,2450,2500,2553,2600,2600,2670,2695
South Richmond Hill,Queens,neighborhood,,,,,,,,,,,,,,,,,,,,,,,,,,,,,,,,,,,,,,,,,,,,,,,,,,,,,,,,,,,,,,1970,,,,,,,,,,,,,,,,,,,,
Springfield Gardens,Queens,neighborhood,,,,,,,,,,,,,,,,,,,,,,,,,,,,,,,,,,,,,,,,,,,,,,,,,,,,,,,,,,,,,,,,,,,,,,,,,,,,,,,,,,
St. Albans,Queens,neighborhood,,,,,,,,,,,,,,,,,,,,,,,,,,,,1800,,1550,,,,,,,,,,,,,,,,,,,,,,,,,,,,,1950,,,,,,,,,2200,2500,,,2400,1925,,,1550,1700,2450,,,2950,
Staten Island,Staten Island,borough,1950,1900,1900,1918,2000,2033,1950,1950,1790,1875,1900,1925,1800,1842,1800,1825,1829,1894,1950,2000,2000,1865,1959,1865,1853,1850,1890,1875,2050,2050,2000,2045,2200,2200,2200,2000,1952,1998,2123,1831,1833,1900,1900,1850,1863,1950,1995,2150,1950,1900,1873,2000,1950,1849,1849,2000,2025,2125,2000,2060,2050,1932,1932,1975,1950,1950,2050,2125,2253,2200,2100,2050,2095,2175,2200,2200,2100,2000,1900,2000,2125,2200
Stuyvesant Town/PCV,Manhattan,neighborhood,4049,3915,4040,4112,4106,4222,4182,4266,4435,4620,4475,4710,4157,4191,3804,3833,3818,3807,3822,3966,3769,4052,3741,3774,4127,3690,3655,3887,3910,3792,3881,3881,3885,3880,3885,3753,3892,4139,3908,3980,3945,3910,3902,3786,3770,3885,3785,3872,4235,3698,3677,3688,3565,3650,3982,4014,4187,4469,4644,4603,4854,4824,5161,5202,5355,5314,5174,4760,4695,4705,4895,5100,5100,5133,4952,5262,5488,6112,5265,5858,5596,5301
Sunnyside,Queens,neighborhood,2000,1970,1950,1950,2000,2000,2000,2000,1975,2000,1950,2000,1950,1950,1995,2000,2000,2000,1999,2000,2000,1925,1958,1950,1950,1938,1975,1995,1950,1950,1995,2050,2066,2100,2050,2063,2000,2000,2100,2100,2100,2000,2000,2000,1995,1900,1800,1825,1850,1795,1800,1800,1800,1800,1900,1930,1950,2050,2000,2038,2100,2150,2100,2063,2300,2150,2300,2350,2250,2250,2200,2375,2200,2310,2400,2305,2425,2450,2406,2695,2700,2473
Sunset Park,Brooklyn,neighborhood,1960,1950,2000,2000,2025,2100,2195,2025,2050,2000,2000,2000,1999,2000,1999,1990,2154,2200,2200,2000,2000,1995,2000,1950,1985,1900,2000,2000,2125,2150,2195,2110,2000,2099,2100,2100,2100,2100,2100,2062,2050,2000,2099,2016,1950,1900,1900,1900,1850,1800,1848,1850,2000,1950,2000,1997,2000,2000,1999,2000,2000,2013,2100,2300,2400,2463,2400,2400,2325,2400,2390,2200,2275,2500,2500,2450,2450,2400,2500,2475,2450,2400
The Rockaways,Queens,submarket,1800,1825,1775,1625,1737,1897,1825,1725,1763,1750,1900,1848,2123,1799,2300,2300,1975,1913,2088,1890,1890,1900,2035,2000,1900,1900,1850,1997,1895,2050,2000,2033,1950,1975,1995,1999,1884,1800,1800,1800,1997,1800,1912,1912,1865,1900,1900,2075,1860,1862,1749,1900,2017,2050,2000,2200,2209,2200,2149,1999,1999,2200,2250,2425,2425,2475,2250,2500,2475,2575,2450,2374,2450,2554,2450,2450,2450,2450,2395,2348,2500,2600
Throgs Neck,Bronx,neighborhood,,1800,,,1750,2000,1950,1763,2150,1950,1850,1800,2100,1875,1850,,,2499,2400,2400,2200,2150,2150,2150,1600,1788,,2000,2000,1950,1975,,1950,2150,2250,2399,,,,,,2300,,,,,,,,2373,2475,2150,2200,2225,2250,2250,2300,2300,3000,2300,2100,2200,2200,2298,,,2837,2798,2713,,2650,2400,2500,2300,2500,2675,2450,2150,,,,2500
Tremont,Bronx,neighborhood,1350,1350,1375,1525,1625,1600,1749,1725,1700,1700,1700,1600,1700,1800,1800,1475,1800,1825,1538,1849,1950,1800,1750,1700,1650,1675,1600,1650,1650,1650,1799,1799,1799,1610,1550,,1912,,1924,1696,1649,1738,1676,1650,1625,1725,1649,1649,1550,1550,1638,1638,1495,1600,1795,1744,1763,1795,1767,1719,1650,2099,1995,1710,1800,1750,1895,1773,1750,1750,1738,1725,1850,1895,1873,1895,2455,2499,1998,2350,1961,1931
Tribeca,Manhattan,neighborhood,8000,7800,8000,8000,7770,7595,8398,6195,5995,6000,5998,6650,6640,6595,6871,7000,6598,7000,6995,7285,7291,6980,7143,6850,6724,6000,6300,6400,6500,6595,7100,6700,7600,7700,7450,7500,7098,7095,6800,6412,6798,7100,6995,6998,6800,6926,6784,6800,6473,5885,5499,5712,5995,6448,6500,6700,8000,7700,7500,8250,7400,7200,7295,7695,8250,8625,9000,9500,9700,10000,10500,9500,8496,8250,7998,7783,7973,8753,8950,9495,9500,9500
University Heights,Bronx,neighborhood,1575,1650,1663,1675,1495,1550,1500,1550,1598,1575,1600,1560,1638,1500,1648,1649,1698,1750,1875,1750,1697,1693,1649,1645,1599,1750,1800,1800,1800,1850,1650,1650,1799,1799,1700,1699,1750,1774,1799,1649,1649,1650,1650,1650,1675,1799,1699,1699,1696,1699,1749,1699,1899,1899,1700,1800,1699,1799,1699,1797,1750,1660,1750,1800,1798,1800,1858,1900,1699,1725,1835,1900,1900,2173,2200,2098,1999,2100,2210,2200,1999,2000
Upper East Side,Manhattan,neighborhood,2995,2995,2925,2950,2950,2950,2950,2900,2995,2950,2995,2990,2900,2895,2850,2850,2850,2900,2925,2900,2895,2995,2995,3000,3000,3000,2995,2995,3000,3050,3050,2995,3000,3100,3225,3295,3281,3250,3250,3195,3065,2950,2800,2700,2650,2500,2495,2500,2450,2475,2400,2400,2475,2499,2550,2700,2850,2950,3200,3390,3450,3550,3400,3400,3500,3500,3550,3750,3750,3800,3845,3821,3900,4000,4000,3995,4000,4000,4000,3995,4000,3995
Upper West Side,Manhattan,neighborhood,3297,3300,3250,3290,3300,3350,3350,3373,3350,3380,3306,3330,3350,3285,3250,3285,3300,3350,3320,3313,3395,3394,3350,3395,3395,3350,3395,3450,3460,3450,3400,3500,3600,3600,3630,3550,3600,3551,3500,3400,3295,3200,3150,3000,2925,2810,2800,2809,2800,2850,2800,2850,3000,3000,3200,3295,3550,3641,3800,3950,3995,4000,4092,4236,4244,4200,4400,4435,4500,4500,4500,4450,4450,4445,4495,4500,4463,4400,4500,4500,4500,4495
Utopia,Queens,neighborhood,,,,,,,,,,,,,,,,,,,,,,,,,,,,,,,,,,,,,,,,,,,,,,,,,,,,,,,,,,,,,,,,,,,,,,,,,,,,,,,,,,
Van Nest,Bronx,neighborhood,,,,,,,,,,,,,2100,2100,,,,,,,,,1400,1575,,,,,,,,,,,,,,,,,,,,,,,,,,,,,,,,,,,,,,,,,,,,,,,,,,,,,,,,,,
Wakefield,Bronx,neighborhood,1425,1500,1700,1575,1450,1475,1475,1475,,1500,,,,,,,1450,1900,1900,1600,2050,2100,,1700,2200,2200,1899,1800,1700,1900,1900,2025,2199,,,,2195,1998,1900,,1825,,,,,,,1800,1950,1713,1775,1800,1850,2150,2100,1700,1800,1950,1998,,1650,,2050,2175,2500,,2550,2500,2200,,2500,2195,2218,2175,2163,1725,1615,,,1650,,2300
Washington Heights,Manhattan,neighborhood,2214,2150,2150,2200,2195,2195,2250,2200,2100,2185,2100,2100,2125,2135,2150,2150,2165,2200,2250,2250,2200,2235,2222,2195,2150,2200,2195,2195,2250,2300,2250,2250,2200,2200,2195,2200,2225,2250,2295,2253,2195,2250,2208,2195,2100,2100,2100,2000,2000,2000,2000,2050,2098,2129,2183,2200,2200,2200,2200,2250,2293,2295,2298,2300,2400,2549,2500,2450,2425,2450,2400,2400,2425,2498,2500,2550,2585,2600,2600,2600,2600,2575
West Harlem,Manhattan,neighborhood,2350,2498,2500,2500,2600,2583,2750,2698,2500,2550,2575,2600,2598,2623,2573,2775,2700,2650,2700,2800,2475,2497,2450,2392,2400,2369,2500,2585,2475,2695,2700,2600,2473,2461,2500,2495,2495,2600,2600,2500,2600,2550,2525,2295,2315,2295,2295,2280,2295,2293,2290,2300,2350,2300,2300,2500,2413,2300,2400,2468,2650,2625,2590,2687,2945,2898,3000,2850,2700,2600,2593,2600,2650,3075,3225,3218,3195,3025,3195,3000,2875,2788
West Village,Manhattan,neighborhood,3565,3595,3600,3680,3799,3800,3827,3795,3695,3573,3495,3498,3598,3600,3725,3795,3850,3825,3850,3900,3895,3805,3900,3850,3850,3800,3840,3965,4095,4250,4150,3995,3995,4100,4073,4114,4185,4100,4171,4125,3700,3648,3600,3485,3316,3245,3200,3140,3025,3195,3100,3250,3400,3500,3895,4200,4360,4438,4362,4495,4495,4600,4650,4800,4995,4900,5150,5000,5000,5250,5000,5000,5200,5198,5000,5025,5250,5195,5093,4973,4995,4995
Westchester Village,Bronx,neighborhood,,,,,,,,,,,,,,,,,,,,,,,,,,,,,,,,,,,,,,,,,,,,,,,,,,,,,,,,,,,,,,,,,,,,,,,,,,,,,,,,,,
Whitestone,Queens,neighborhood,2350,2350,2400,2250,2200,2300,2300,2695,,,,,,,1798,2250,2200,2150,2200,,,2250,2100,2338,2375,2300,2300,2300,2250,2200,2300,2350,2350,2250,2400,2300,2300,2225,,,,,2425,2325,2675,2500,,,2400,,,,5995,,2200,2600,2699,,2350,2000,,2100,2200,2200,2675,2850,2675,2600,2700,2500,2500,2498,2350,2525,2500,2500,2700,2625,2600,,2175,2400
Williamsbridge,Bronx,neighborhood,,2250,2175,1500,1950,1898,2023,,,,,,1588,,,,1663,1675,1763,,,2150,2125,2150,1750,2100,1550,1600,1797,1775,2025,1825,1925,2150,,1650,1688,1978,,,,,2050,1875,1850,,1850,,1750,1950,1950,1650,1675,1800,1975,1900,,,2400,,1500,,1848,1800,1800,2200,2225,2249,2249,1850,1773,2249,2249,,2300,2300,1795,2350,2150,2350,1898,
Williamsburg,Brooklyn,neighborhood,3000,3000,3050,3100,3145,3190,3115,3115,3100,3000,2967,2900,2900,2950,2950,2999,3000,3000,3000,3000,3000,2999,2900,2895,2995,3000,3000,3200,3299,3300,3450,3450,3500,3500,3600,3600,3500,3500,3500,3499,3314,3200,3151,3000,2900,2840,2800,2800,2793,2800,2805,2800,2850,3075,3400,3655,3800,3654,3750,3899,3800,3950,3815,4000,4000,4363,4408,4350,4400,4323,4133,4219,4250,4275,4300,4350,4450,4500,4500,4500,4500,4500
Windsor Terrace,Brooklyn,neighborhood,2500,2500,2400,2500,2650,2750,2600,2500,2500,2500,2400,2384,2400,2400,2475,2500,2500,2522,2600,2681,2643,2600,2700,2580,2600,2773,2750,2575,2650,2800,2500,2800,2800,2800,2495,2500,2500,2525,2695,2698,2590,2800,2722,2717,2684,2590,2750,2750,2750,2545,2700,2500,2200,2450,2650,2400,2713,2750,3050,2900,3000,2900,3000,3350,3125,3000,3455,3750,3425,3315,2875,2956,3000,3000,3200,3400,3355,3353,3400,3200,3300,3200
Woodhaven,Queens,neighborhood,1595,1675,1750,1995,2100,1750,1700,1775,2000,1995,,2188,2000,2100,2175,1736,1650,1725,1900,1788,1725,1825,1850,1742,1746,1950,1950,1800,1750,1725,1750,1788,1788,1745,1800,1725,1800,1850,,,1850,1773,1838,2100,2000,1838,1923,2100,2000,1725,1713,2350,2350,1700,1697,1750,2350,2200,2250,2299,2200,2300,2300,2288,2450,2000,2400,2075,2075,2313,2399,2250,2299,2150,2500,2500,2450,2100,2100,2200,2700,2750
Woodlawn,Bronx,neighborhood,,,1750,,,,1625,,,,,,,,,,,,,,,,,,,,,1650,,,,,,,,,,,,,,,,1700,,,,,,,,,,,,,,,,,,,2150,,,,,,,,,,,,,,,,,,,
Woodside,Queens,neighborhood,1850,1900,1900,1900,1795,2030,2100,2050,2100,2000,1900,1985,1800,1775,1950,1975,1995,2050,1775,1865,1999,1879,1945,1895,1875,1850,1900,1900,1985,1995,2000,2000,2000,1890,2000,2075,1895,2098,2200,2000,1850,1975,1950,2000,1900,1899,1875,1850,1800,1800,1750,1750,1800,1852,1850,1900,2060,2000,1899,1875,2000,1950,2050,1926,1950,2200,2250,2250,2400,2330,2213,2260,2300,2400,2300,2500,2500,2700,2675,2860,2700,2975
Woodstock,Bronx,neighborhood,,1825,2200,,1650,,1920,,,,1790,,,,,2225,2240,2155,1650,1787,2250,1950,1950,1790,2200,2025,,1950,1945,1948,1645,1888,1875,1888,1950,,1950,1950,1950,,,,1945,1971,1600,1825,1987,1963,1850,1558,1375,1800,2061,1838,1900,1800,1975,1725,1850,1875,1950,1950,,1975,1950,,1950,1800,1625,1800,2100,2000,1963,2125,2400,2500,2150,2600,2500,,,
